-- MySQL dump 10.13  Distrib 8.0.23, for osx10.15 (x86_64)
--
-- Host: localhost    Database: finalproject
-- ------------------------------------------------------
-- Server version	8.0.23

/*!40101 SET @OLD_CHARACTER_SET_CLIENT=@@CHARACTER_SET_CLIENT */;
/*!40101 SET @OLD_CHARACTER_SET_RESULTS=@@CHARACTER_SET_RESULTS */;
/*!40101 SET @OLD_COLLATION_CONNECTION=@@COLLATION_CONNECTION */;
/*!50503 SET NAMES utf8mb4 */;
/*!40103 SET @OLD_TIME_ZONE=@@TIME_ZONE */;
/*!40103 SET TIME_ZONE='+00:00' */;
/*!40014 SET @OLD_UNIQUE_CHECKS=@@UNIQUE_CHECKS, UNIQUE_CHECKS=0 */;
/*!40014 SET @OLD_FOREIGN_KEY_CHECKS=@@FOREIGN_KEY_CHECKS, FOREIGN_KEY_CHECKS=0 */;
/*!40101 SET @OLD_SQL_MODE=@@SQL_MODE, SQL_MODE='NO_AUTO_VALUE_ON_ZERO' */;
/*!40111 SET @OLD_SQL_NOTES=@@SQL_NOTES, SQL_NOTES=0 */;

--
-- Table structure for table `accesses_dooruselog`
--

DROP TABLE IF EXISTS `accesses_dooruselog`;
/*!40101 SET @saved_cs_client     = @@character_set_client */;
/*!50503 SET character_set_client = utf8mb4 */;
CREATE TABLE `accesses_dooruselog` (
  `id` int NOT NULL AUTO_INCREMENT,
  `create_at` datetime(6) NOT NULL,
  `generation_id` int NOT NULL,
  `user_id` int NOT NULL,
  PRIMARY KEY (`id`),
  KEY `accesses_dooruselog_generation_id_72f07efa_fk_accounts_` (`generation_id`),
  KEY `accesses_dooruselog_user_id_38be2ece_fk_accounts_user_id` (`user_id`),
  CONSTRAINT `accesses_dooruselog_generation_id_72f07efa_fk_accounts_` FOREIGN KEY (`generation_id`) REFERENCES `accounts_generation` (`id`),
  CONSTRAINT `accesses_dooruselog_user_id_38be2ece_fk_accounts_user_id` FOREIGN KEY (`user_id`) REFERENCES `accounts_user` (`id`)
) ENGINE=InnoDB AUTO_INCREMENT=201 DEFAULT CHARSET=utf8mb4 COLLATE=utf8mb4_general_ci;
/*!40101 SET character_set_client = @saved_cs_client */;

--
-- Dumping data for table `accesses_dooruselog`
--

LOCK TABLES `accesses_dooruselog` WRITE;
/*!40000 ALTER TABLE `accesses_dooruselog` DISABLE KEYS */;
INSERT INTO `accesses_dooruselog` VALUES (1,'2021-03-01 06:00:00.000000',171,171),(2,'2021-03-01 08:00:00.000000',917,917),(3,'2021-03-01 10:00:00.000000',368,368),(4,'2021-03-01 12:00:00.000000',588,588),(5,'2021-03-01 14:00:00.000000',717,717),(6,'2021-03-01 16:00:00.000000',89,89),(7,'2021-03-01 18:00:00.000000',796,796),(8,'2021-03-01 20:00:00.000000',594,594),(9,'2021-03-01 22:00:00.000000',786,786),(10,'2021-03-02 00:00:00.000000',649,649),(11,'2021-03-02 02:00:00.000000',339,339),(12,'2021-03-02 04:00:00.000000',334,334),(13,'2021-03-02 06:00:00.000000',762,762),(14,'2021-03-02 08:00:00.000000',293,293),(15,'2021-03-02 10:00:00.000000',643,643),(16,'2021-03-02 12:00:00.000000',401,401),(17,'2021-03-02 14:00:00.000000',444,444),(18,'2021-03-02 16:00:00.000000',298,298),(19,'2021-03-02 18:00:00.000000',178,178),(20,'2021-03-02 20:00:00.000000',540,540),(21,'2021-03-02 22:00:00.000000',796,796),(22,'2021-03-03 00:00:00.000000',419,419),(23,'2021-03-03 02:00:00.000000',488,488),(24,'2021-03-03 04:00:00.000000',553,553),(25,'2021-03-03 06:00:00.000000',202,202),(26,'2021-03-03 08:00:00.000000',259,259),(27,'2021-03-03 10:00:00.000000',663,663),(28,'2021-03-03 12:00:00.000000',439,439),(29,'2021-03-03 14:00:00.000000',616,616),(30,'2021-03-03 16:00:00.000000',243,243),(31,'2021-03-03 18:00:00.000000',5,5),(32,'2021-03-03 20:00:00.000000',467,467),(33,'2021-03-03 22:00:00.000000',156,156),(34,'2021-03-04 00:00:00.000000',234,234),(35,'2021-03-04 02:00:00.000000',63,63),(36,'2021-03-04 04:00:00.000000',999,999),(37,'2021-03-04 06:00:00.000000',775,775),(38,'2021-03-04 08:00:00.000000',517,517),(39,'2021-03-04 10:00:00.000000',704,704),(40,'2021-03-04 12:00:00.000000',195,195),(41,'2021-03-04 14:00:00.000000',572,572),(42,'2021-03-04 16:00:00.000000',59,59),(43,'2021-03-04 18:00:00.000000',38,38),(44,'2021-03-04 20:00:00.000000',393,393),(45,'2021-03-04 22:00:00.000000',178,178),(46,'2021-03-05 00:00:00.000000',114,114),(47,'2021-03-05 02:00:00.000000',266,266),(48,'2021-03-05 04:00:00.000000',52,52),(49,'2021-03-05 06:00:00.000000',120,120),(50,'2021-03-05 08:00:00.000000',215,215),(51,'2021-03-05 10:00:00.000000',687,687),(52,'2021-03-05 12:00:00.000000',606,606),(53,'2021-03-05 14:00:00.000000',881,881),(54,'2021-03-05 16:00:00.000000',926,926),(55,'2021-03-05 18:00:00.000000',257,257),(56,'2021-03-05 20:00:00.000000',205,205),(57,'2021-03-05 22:00:00.000000',732,732),(58,'2021-03-06 00:00:00.000000',771,771),(59,'2021-03-06 02:00:00.000000',366,366),(60,'2021-03-06 04:00:00.000000',663,663),(61,'2021-03-06 06:00:00.000000',852,852),(62,'2021-03-06 08:00:00.000000',565,565),(63,'2021-03-06 10:00:00.000000',799,799),(64,'2021-03-06 12:00:00.000000',27,27),(65,'2021-03-06 14:00:00.000000',220,220),(66,'2021-03-06 16:00:00.000000',494,494),(67,'2021-03-06 18:00:00.000000',478,478),(68,'2021-03-06 20:00:00.000000',906,906),(69,'2021-03-06 22:00:00.000000',92,92),(70,'2021-03-07 00:00:00.000000',388,388),(71,'2021-03-07 02:00:00.000000',106,106),(72,'2021-03-07 04:00:00.000000',457,457),(73,'2021-03-07 06:00:00.000000',990,990),(74,'2021-03-07 08:00:00.000000',687,687),(75,'2021-03-07 10:00:00.000000',803,803),(76,'2021-03-07 12:00:00.000000',340,340),(77,'2021-03-07 14:00:00.000000',10,10),(78,'2021-03-07 16:00:00.000000',540,540),(79,'2021-03-07 18:00:00.000000',739,739),(80,'2021-03-07 20:00:00.000000',859,859),(81,'2021-03-07 22:00:00.000000',161,161),(82,'2021-03-08 00:00:00.000000',209,209),(83,'2021-03-08 02:00:00.000000',998,998),(84,'2021-03-08 04:00:00.000000',784,784),(85,'2021-03-08 06:00:00.000000',929,929),(86,'2021-03-08 08:00:00.000000',429,429),(87,'2021-03-08 10:00:00.000000',657,657),(88,'2021-03-08 12:00:00.000000',894,894),(89,'2021-03-08 14:00:00.000000',350,350),(90,'2021-03-08 16:00:00.000000',619,619),(91,'2021-03-08 18:00:00.000000',962,962),(92,'2021-03-08 20:00:00.000000',51,51),(93,'2021-03-08 22:00:00.000000',375,375),(94,'2021-03-09 00:00:00.000000',731,731),(95,'2021-03-09 02:00:00.000000',503,503),(96,'2021-03-09 04:00:00.000000',319,319),(97,'2021-03-09 06:00:00.000000',514,514),(98,'2021-03-09 08:00:00.000000',311,311),(99,'2021-03-09 10:00:00.000000',318,318),(100,'2021-03-09 12:00:00.000000',797,797),(101,'2021-03-09 14:00:00.000000',471,471),(102,'2021-03-09 16:00:00.000000',671,671),(103,'2021-03-09 18:00:00.000000',97,97),(104,'2021-03-09 20:00:00.000000',311,311),(105,'2021-03-09 22:00:00.000000',692,692),(106,'2021-03-10 00:00:00.000000',960,960),(107,'2021-03-10 02:00:00.000000',314,314),(108,'2021-03-10 04:00:00.000000',467,467),(109,'2021-03-10 06:00:00.000000',205,205),(110,'2021-03-10 08:00:00.000000',581,581),(111,'2021-03-10 10:00:00.000000',7,7),(112,'2021-03-10 12:00:00.000000',150,150),(113,'2021-03-10 14:00:00.000000',863,863),(114,'2021-03-10 16:00:00.000000',86,86),(115,'2021-03-10 18:00:00.000000',702,702),(116,'2021-03-10 20:00:00.000000',604,604),(117,'2021-03-10 22:00:00.000000',667,667),(118,'2021-03-11 00:00:00.000000',238,238),(119,'2021-03-11 02:00:00.000000',589,589),(120,'2021-03-11 04:00:00.000000',819,819),(121,'2021-03-11 06:00:00.000000',687,687),(122,'2021-03-11 08:00:00.000000',805,805),(123,'2021-03-11 10:00:00.000000',169,169),(124,'2021-03-11 12:00:00.000000',321,321),(125,'2021-03-11 14:00:00.000000',749,749),(126,'2021-03-11 16:00:00.000000',792,792),(127,'2021-03-11 18:00:00.000000',800,800),(128,'2021-03-11 20:00:00.000000',865,865),(129,'2021-03-11 22:00:00.000000',139,139),(130,'2021-03-12 00:00:00.000000',50,50),(131,'2021-03-12 02:00:00.000000',331,331),(132,'2021-03-12 04:00:00.000000',841,841),(133,'2021-03-12 06:00:00.000000',69,69),(134,'2021-03-12 08:00:00.000000',40,40),(135,'2021-03-12 10:00:00.000000',863,863),(136,'2021-03-12 12:00:00.000000',547,547),(137,'2021-03-12 14:00:00.000000',868,868),(138,'2021-03-12 16:00:00.000000',68,68),(139,'2021-03-12 18:00:00.000000',257,257),(140,'2021-03-12 20:00:00.000000',83,83),(141,'2021-03-12 22:00:00.000000',199,199),(142,'2021-03-13 00:00:00.000000',270,270),(143,'2021-03-13 02:00:00.000000',885,885),(144,'2021-03-13 04:00:00.000000',195,195),(145,'2021-03-13 06:00:00.000000',342,342),(146,'2021-03-13 08:00:00.000000',44,44),(147,'2021-03-13 10:00:00.000000',446,446),(148,'2021-03-13 12:00:00.000000',42,42),(149,'2021-03-13 14:00:00.000000',197,197),(150,'2021-03-13 16:00:00.000000',836,836),(151,'2021-03-13 18:00:00.000000',361,361),(152,'2021-03-13 20:00:00.000000',911,911),(153,'2021-03-13 22:00:00.000000',709,709),(154,'2021-03-14 00:00:00.000000',206,206),(155,'2021-03-14 02:00:00.000000',492,492),(156,'2021-03-14 04:00:00.000000',153,153),(157,'2021-03-14 06:00:00.000000',430,430),(158,'2021-03-14 08:00:00.000000',863,863),(159,'2021-03-14 10:00:00.000000',891,891),(160,'2021-03-14 12:00:00.000000',597,597),(161,'2021-03-14 14:00:00.000000',782,782),(162,'2021-03-14 16:00:00.000000',845,845),(163,'2021-03-14 18:00:00.000000',190,190),(164,'2021-03-14 20:00:00.000000',54,54),(165,'2021-03-14 22:00:00.000000',561,561),(166,'2021-03-15 00:00:00.000000',28,28),(167,'2021-03-15 02:00:00.000000',40,40),(168,'2021-03-15 04:00:00.000000',87,87),(169,'2021-03-15 06:00:00.000000',762,762),(170,'2021-03-15 08:00:00.000000',594,594),(171,'2021-03-15 10:00:00.000000',159,159),(172,'2021-03-15 12:00:00.000000',98,98),(173,'2021-03-15 14:00:00.000000',485,485),(174,'2021-03-15 16:00:00.000000',169,169),(175,'2021-03-15 18:00:00.000000',44,44),(176,'2021-03-15 20:00:00.000000',221,221),(177,'2021-03-15 22:00:00.000000',785,785),(178,'2021-03-16 00:00:00.000000',919,919),(179,'2021-03-16 02:00:00.000000',212,212),(180,'2021-03-16 04:00:00.000000',529,529),(181,'2021-03-16 06:00:00.000000',619,619),(182,'2021-03-16 08:00:00.000000',295,295),(183,'2021-03-16 10:00:00.000000',452,452),(184,'2021-03-16 12:00:00.000000',525,525),(185,'2021-03-16 14:00:00.000000',680,680),(186,'2021-03-16 16:00:00.000000',451,451),(187,'2021-03-16 18:00:00.000000',787,787),(188,'2021-03-16 20:00:00.000000',216,216),(189,'2021-03-16 22:00:00.000000',146,146),(190,'2021-03-17 00:00:00.000000',130,130),(191,'2021-03-17 02:00:00.000000',583,583),(192,'2021-03-17 04:00:00.000000',431,431),(193,'2021-03-17 06:00:00.000000',171,171),(194,'2021-03-17 08:00:00.000000',770,770),(195,'2021-03-17 10:00:00.000000',360,360),(196,'2021-03-17 12:00:00.000000',760,760),(197,'2021-03-17 14:00:00.000000',762,762),(198,'2021-03-17 16:00:00.000000',535,535),(199,'2021-03-17 18:00:00.000000',961,961),(200,'2021-03-17 20:00:00.000000',885,885);
/*!40000 ALTER TABLE `accesses_dooruselog` ENABLE KEYS */;
UNLOCK TABLES;

--
-- Table structure for table `accounts_generation`
--

DROP TABLE IF EXISTS `accounts_generation`;
/*!40101 SET @saved_cs_client     = @@character_set_client */;
/*!50503 SET character_set_client = utf8mb4 */;
CREATE TABLE `accounts_generation` (
  `id` int NOT NULL AUTO_INCREMENT,
  `name` varchar(10) COLLATE utf8mb4_general_ci NOT NULL,
  `access_password` varchar(300) COLLATE utf8mb4_general_ci NOT NULL,
  `user_id` int NOT NULL,
  PRIMARY KEY (`id`),
  KEY `accounts_generation_user_id_17b45e7c_fk_accounts_user_id` (`user_id`),
  CONSTRAINT `accounts_generation_user_id_17b45e7c_fk_accounts_user_id` FOREIGN KEY (`user_id`) REFERENCES `accounts_user` (`id`)
) ENGINE=InnoDB AUTO_INCREMENT=1002 DEFAULT CHARSET=utf8mb4 COLLATE=utf8mb4_general_ci;
/*!40101 SET character_set_client = @saved_cs_client */;

--
-- Dumping data for table `accounts_generation`
--

LOCK TABLES `accounts_generation` WRITE;
/*!40000 ALTER TABLE `accounts_generation` DISABLE KEYS */;
INSERT INTO `accounts_generation` VALUES (1,'admin','admin1564',1),(2,'0101','01011051',2),(3,'0102','01029180',3),(4,'0103','01037069',4),(5,'0104','01045696',5),(6,'0105','01050608',6),(7,'0106','01062212',7),(8,'0107','01079926',8),(9,'0108','01087784',9),(10,'0109','01091791',10),(11,'0110','01103559',11),(12,'0111','01116041',12),(13,'0112','01124390',13),(14,'0113','01132327',14),(15,'0114','01143534',15),(16,'0115','01153279',16),(17,'0116','01164179',17),(18,'0117','01175392',18),(19,'0118','01182125',19),(20,'0119','01196179',20),(21,'0120','01204892',21),(22,'0121','01213400',22),(23,'0122','01223465',23),(24,'0123','01233007',24),(25,'0124','01246942',25),(26,'0125','01254126',26),(27,'0126','01269636',27),(28,'0127','01272795',28),(29,'0128','01286443',29),(30,'0129','01298926',30),(31,'0130','01306016',31),(32,'0131','01316478',32),(33,'0132','01321260',33),(34,'0133','01331109',34),(35,'0134','01341854',35),(36,'0135','01359157',36),(37,'0136','01360222',37),(38,'0137','01373120',38),(39,'0138','01383195',39),(40,'0139','01397850',40),(41,'0140','01400319',41),(42,'0201','02011793',42),(43,'0202','02024244',43),(44,'0203','02033056',44),(45,'0204','02048621',45),(46,'0205','02053268',46),(47,'0206','02064004',47),(48,'0207','02070392',48),(49,'0208','02089451',49),(50,'0209','02099098',50),(51,'0210','02101554',51),(52,'0211','02112180',52),(53,'0212','02125008',53),(54,'0213','02138452',54),(55,'0214','02142876',55),(56,'0215','02152994',56),(57,'0216','02165469',57),(58,'0217','02172372',58),(59,'0218','02189068',59),(60,'0219','02193520',60),(61,'0220','02203736',61),(62,'0221','02214661',62),(63,'0222','02228326',63),(64,'0223','02234772',64),(65,'0224','02247914',65),(66,'0225','02256850',66),(67,'0226','02264335',67),(68,'0227','02272557',68),(69,'0228','02281865',69),(70,'0229','02296386',70),(71,'0230','02302943',71),(72,'0231','02311298',72),(73,'0232','02328045',73),(74,'0233','02335213',74),(75,'0234','02343456',75),(76,'0235','02359690',76),(77,'0236','02368359',77),(78,'0237','02376227',78),(79,'0238','02388109',79),(80,'0239','02395013',80),(81,'0240','02404981',81),(82,'0301','03019920',82),(83,'0302','03020606',83),(84,'0303','03038611',84),(85,'0304','03041825',85),(86,'0305','03054367',86),(87,'0306','03061303',87),(88,'0307','03071452',88),(89,'0308','03087816',89),(90,'0309','03092453',90),(91,'0310','03101135',91),(92,'0311','03113521',92),(93,'0312','03123902',93),(94,'0313','03136254',94),(95,'0314','03140641',95),(96,'0315','03152260',96),(97,'0316','03163785',97),(98,'0317','03176329',98),(99,'0318','03187039',99),(100,'0319','03198505',100),(101,'0320','03202482',101),(102,'0321','03216134',102),(103,'0322','03227897',103),(104,'0323','03236522',104),(105,'0324','03249502',105),(106,'0325','03257771',106),(107,'0326','03260427',107),(108,'0327','03274591',108),(109,'0328','03287186',109),(110,'0329','03295120',110),(111,'0330','03304811',111),(112,'0331','03312386',112),(113,'0332','03320941',113),(114,'0333','03331698',114),(115,'0334','03346202',115),(116,'0335','03355863',116),(117,'0336','03367416',117),(118,'0337','03370713',118),(119,'0338','03388865',119),(120,'0339','03397337',120),(121,'0340','03408457',121),(122,'0401','04017235',122),(123,'0402','04024890',123),(124,'0403','04034740',124),(125,'0404','04047215',125),(126,'0405','04052404',126),(127,'0406','04062160',127),(128,'0407','04074979',128),(129,'0408','04087731',129),(130,'0409','04095466',130),(131,'0410','04103582',131),(132,'0411','04112593',132),(133,'0412','04125776',133),(134,'0413','04137071',134),(135,'0414','04142896',135),(136,'0415','04158336',136),(137,'0416','04164880',137),(138,'0417','04172570',138),(139,'0418','04184501',139),(140,'0419','04193710',140),(141,'0420','04201171',141),(142,'0421','04214090',142),(143,'0422','04220310',143),(144,'0423','04238477',144),(145,'0424','04248312',145),(146,'0425','04257309',146),(147,'0426','04265227',147),(148,'0427','04271647',148),(149,'0428','04283398',149),(150,'0429','04291398',150),(151,'0430','04303716',151),(152,'0431','04310855',152),(153,'0432','04320139',153),(154,'0433','04330322',154),(155,'0434','04341639',155),(156,'0435','04355611',156),(157,'0436','04367677',157),(158,'0437','04373492',158),(159,'0438','04380448',159),(160,'0439','04393976',160),(161,'0440','04405766',161),(162,'0501','05013855',162),(163,'0502','05027100',163),(164,'0503','05035058',164),(165,'0504','05042981',165),(166,'0505','05056378',166),(167,'0506','05062629',167),(168,'0507','05070338',168),(169,'0508','05088264',169),(170,'0509','05095451',170),(171,'0510','05102811',171),(172,'0511','05116674',172),(173,'0512','05120545',173),(174,'0513','05137711',174),(175,'0514','05144582',175),(176,'0515','05150787',176),(177,'0516','05165464',177),(178,'0517','05173227',178),(179,'0518','05187170',179),(180,'0519','05190505',180),(181,'0520','05204104',181),(182,'0521','05219134',182),(183,'0522','05220067',183),(184,'0523','05235751',184),(185,'0524','05242744',185),(186,'0525','05258952',186),(187,'0526','05268626',187),(188,'0527','05278165',188),(189,'0528','05288769',189),(190,'0529','05290633',190),(191,'0530','05304436',191),(192,'0531','05315428',192),(193,'0532','05324302',193),(194,'0533','05334379',194),(195,'0534','05342272',195),(196,'0535','05355061',196),(197,'0536','05364429',197),(198,'0537','05377330',198),(199,'0538','05386204',199),(200,'0539','05393104',200),(201,'0540','05403447',201),(202,'0601','06016891',202),(203,'0602','06023946',203),(204,'0603','06033265',204),(205,'0604','06049004',205),(206,'0605','06055671',206),(207,'0606','06060071',207),(208,'0607','06075979',208),(209,'0608','06080239',209),(210,'0609','06095542',210),(211,'0610','06101508',211),(212,'0611','06114668',212),(213,'0612','06120631',213),(214,'0613','06134746',214),(215,'0614','06148895',215),(216,'0615','06158014',216),(217,'0616','06167748',217),(218,'0617','06172420',218),(219,'0618','06184499',219),(220,'0619','06196615',220),(221,'0620','06206674',221),(222,'0621','06217655',222),(223,'0622','06228873',223),(224,'0623','06231552',224),(225,'0624','06249925',225),(226,'0625','06259172',226),(227,'0626','06269936',227),(228,'0627','06274013',228),(229,'0628','06281943',229),(230,'0629','06291615',230),(231,'0630','06300008',231),(232,'0631','06319768',232),(233,'0632','06322295',233),(234,'0633','06335472',234),(235,'0634','06342048',235),(236,'0635','06358321',236),(237,'0636','06361546',237),(238,'0637','06379990',238),(239,'0638','06387443',239),(240,'0639','06397976',240),(241,'0640','06409136',241),(242,'0701','07016406',242),(243,'0702','07029529',243),(244,'0703','07031242',244),(245,'0704','07049869',245),(246,'0705','07056649',246),(247,'0706','07065584',247),(248,'0707','07070337',248),(249,'0708','07083173',249),(250,'0709','07093999',250),(251,'0710','07109390',251),(252,'0711','07111621',252),(253,'0712','07128077',253),(254,'0713','07135614',254),(255,'0714','07140190',255),(256,'0715','07150701',256),(257,'0716','07167476',257),(258,'0717','07172722',258),(259,'0718','07186958',259),(260,'0719','07198423',260),(261,'0720','07200758',261),(262,'0721','07216630',262),(263,'0722','07226327',263),(264,'0723','07235901',264),(265,'0724','07244898',265),(266,'0725','07251492',266),(267,'0726','07263630',267),(268,'0727','07278753',268),(269,'0728','07284458',269),(270,'0729','07298803',270),(271,'0730','07301686',271),(272,'0731','07315234',272),(273,'0732','07329697',273),(274,'0733','07331952',274),(275,'0734','07349446',275),(276,'0735','07356317',276),(277,'0736','07366816',277),(278,'0737','07377183',278),(279,'0738','07383693',279),(280,'0739','07392072',280),(281,'0740','07402077',281),(282,'0801','08018263',282),(283,'0802','08028219',283),(284,'0803','08034332',284),(285,'0804','08047533',285),(286,'0805','08056357',286),(287,'0806','08066941',287),(288,'0807','08077636',288),(289,'0808','08085509',289),(290,'0809','08096001',290),(291,'0810','08106769',291),(292,'0811','08113697',292),(293,'0812','08124737',293),(294,'0813','08130962',294),(295,'0814','08146124',295),(296,'0815','08150388',296),(297,'0816','08169387',297),(298,'0817','08178964',298),(299,'0818','08180274',299),(300,'0819','08197534',300),(301,'0820','08205254',301),(302,'0821','08218951',302),(303,'0822','08223576',303),(304,'0823','08235671',304),(305,'0824','08246902',305),(306,'0825','08255315',306),(307,'0826','08261401',307),(308,'0827','08275746',308),(309,'0828','08280693',309),(310,'0829','08295749',310),(311,'0830','08308545',311),(312,'0831','08310076',312),(313,'0832','08327386',313),(314,'0833','08337223',314),(315,'0834','08344021',315),(316,'0835','08350014',316),(317,'0836','08361533',317),(318,'0837','08376792',318),(319,'0838','08388316',319),(320,'0839','08390949',320),(321,'0840','08402988',321),(322,'0901','09016216',322),(323,'0902','09027914',323),(324,'0903','09034159',324),(325,'0904','09041136',325),(326,'0905','09055497',326),(327,'0906','09065410',327),(328,'0907','09074131',328),(329,'0908','09084796',329),(330,'0909','09093675',330),(331,'0910','09109386',331),(332,'0911','09119016',332),(333,'0912','09129510',333),(334,'0913','09136017',334),(335,'0914','09148765',335),(336,'0915','09152458',336),(337,'0916','09169591',337),(338,'0917','09179560',338),(339,'0918','09187470',339),(340,'0919','09199008',340),(341,'0920','09202921',341),(342,'0921','09219941',342),(343,'0922','09224166',343),(344,'0923','09236486',344),(345,'0924','09246571',345),(346,'0925','09257136',346),(347,'0926','09263206',347),(348,'0927','09270390',348),(349,'0928','09289341',349),(350,'0929','09293527',350),(351,'0930','09301549',351),(352,'0931','09312312',352),(353,'0932','09328825',353),(354,'0933','09336362',354),(355,'0934','09341486',355),(356,'0935','09351945',356),(357,'0936','09364654',357),(358,'0937','09370765',358),(359,'0938','09381245',359),(360,'0939','09399485',360),(361,'0940','09404917',361),(362,'1001','10014623',362),(363,'1002','10027311',363),(364,'1003','10036506',364),(365,'1004','10040670',365),(366,'1005','10056766',366),(367,'1006','10066431',367),(368,'1007','10076360',368),(369,'1008','10086808',369),(370,'1009','10093660',370),(371,'1010','10105573',371),(372,'1011','10114362',372),(373,'1012','10125667',373),(374,'1013','10139295',374),(375,'1014','10142931',375),(376,'1015','10152781',376),(377,'1016','10166299',377),(378,'1017','10171551',378),(379,'1018','10181207',379),(380,'1019','10190752',380),(381,'1020','10204533',381),(382,'1021','10214601',382),(383,'1022','10220089',383),(384,'1023','10236589',384),(385,'1024','10248184',385),(386,'1025','10257537',386),(387,'1026','10260812',387),(388,'1027','10279023',388),(389,'1028','10285342',389),(390,'1029','10297278',390),(391,'1030','10302724',391),(392,'1031','10314037',392),(393,'1032','10321801',393),(394,'1033','10332939',394),(395,'1034','10349554',395),(396,'1035','10356631',396),(397,'1036','10366883',397),(398,'1037','10373205',398),(399,'1038','10384772',399),(400,'1039','10390411',400),(401,'1040','10401062',401),(402,'1101','11017015',402),(403,'1102','11028688',403),(404,'1103','11035447',404),(405,'1104','11049143',405),(406,'1105','11057431',406),(407,'1106','11063771',407),(408,'1107','11072872',408),(409,'1108','11088954',409),(410,'1109','11095491',410),(411,'1110','11100377',411),(412,'1111','11115192',412),(413,'1112','11123721',413),(414,'1113','11138348',414),(415,'1114','11144030',415),(416,'1115','11158021',416),(417,'1116','11160415',417),(418,'1117','11170022',418),(419,'1118','11181392',419),(420,'1119','11191132',420),(421,'1120','11205684',421),(422,'1121','11217650',422),(423,'1122','11224684',423),(424,'1123','11239577',424),(425,'1124','11247293',425),(426,'1125','11252538',426),(427,'1126','11261853',427),(428,'1127','11272686',428),(429,'1128','11289218',429),(430,'1129','11291699',430),(431,'1130','11303408',431),(432,'1131','11315704',432),(433,'1132','11321890',433),(434,'1133','11332231',434),(435,'1134','11341131',435),(436,'1135','11353363',436),(437,'1136','11364557',437),(438,'1137','11372609',438),(439,'1138','11387707',439),(440,'1139','11390580',440),(441,'1140','11408248',441),(442,'1201','12017813',442),(443,'1202','12025073',443),(444,'1203','12035337',444),(445,'1204','12043800',445),(446,'1205','12058530',446),(447,'1206','12061578',447),(448,'1207','12076300',448),(449,'1208','12084415',449),(450,'1209','12092364',450),(451,'1210','12104541',451),(452,'1211','12117446',452),(453,'1212','12122912',453),(454,'1213','12134425',454),(455,'1214','12149598',455),(456,'1215','12151174',456),(457,'1216','12167087',457),(458,'1217','12170534',458),(459,'1218','12188260',459),(460,'1219','12190701',460),(461,'1220','12206132',461),(462,'1221','12215452',462),(463,'1222','12221172',463),(464,'1223','12237696',464),(465,'1224','12244929',465),(466,'1225','12259077',466),(467,'1226','12267587',467),(468,'1227','12276206',468),(469,'1228','12286094',469),(470,'1229','12299061',470),(471,'1230','12302903',471),(472,'1231','12314783',472),(473,'1232','12327408',473),(474,'1233','12337424',474),(475,'1234','12340532',475),(476,'1235','12358511',476),(477,'1236','12369052',477),(478,'1237','12379859',478),(479,'1238','12388453',479),(480,'1239','12390918',480),(481,'1240','12406199',481),(482,'1301','13014911',482),(483,'1302','13028114',483),(484,'1303','13030982',484),(485,'1304','13044675',485),(486,'1305','13058361',486),(487,'1306','13062770',487),(488,'1307','13075824',488),(489,'1308','13086574',489),(490,'1309','13093055',490),(491,'1310','13102265',491),(492,'1311','13113392',492),(493,'1312','13123794',493),(494,'1313','13133021',494),(495,'1314','13143292',495),(496,'1315','13155554',496),(497,'1316','13164041',497),(498,'1317','13176862',498),(499,'1318','13184904',499),(500,'1319','13195675',500),(501,'1320','13206104',501),(502,'1321','13217363',502),(503,'1322','13223539',503),(504,'1323','13236883',504),(505,'1324','13247875',505),(506,'1325','13250776',506),(507,'1326','13262604',507),(508,'1327','13270317',508),(509,'1328','13286632',509),(510,'1329','13296208',510),(511,'1330','13306242',511),(512,'1331','13311102',512),(513,'1332','13323167',513),(514,'1333','13337394',514),(515,'1334','13343212',515),(516,'1335','13358224',516),(517,'1336','13364838',517),(518,'1337','13370171',518),(519,'1338','13387016',519),(520,'1339','13390740',520),(521,'1340','13402387',521),(522,'1401','14015513',522),(523,'1402','14027645',523),(524,'1403','14036376',524),(525,'1404','14048833',525),(526,'1405','14052189',526),(527,'1406','14069361',527),(528,'1407','14079702',528),(529,'1408','14081163',529),(530,'1409','14098888',530),(531,'1410','14101736',531),(532,'1411','14113653',532),(533,'1412','14129892',533),(534,'1413','14138688',534),(535,'1414','14140573',535),(536,'1415','14154555',536),(537,'1416','14162239',537),(538,'1417','14176020',538),(539,'1418','14184942',539),(540,'1419','14197231',540),(541,'1420','14200462',541),(542,'1421','14210275',542),(543,'1422','14222048',543),(544,'1423','14237607',544),(545,'1424','14243113',545),(546,'1425','14257671',546),(547,'1426','14268417',547),(548,'1427','14273954',548),(549,'1428','14282696',549),(550,'1429','14295318',550),(551,'1430','14308084',551),(552,'1431','14314508',552),(553,'1432','14322606',553),(554,'1433','14330595',554),(555,'1434','14347988',555),(556,'1435','14352070',556),(557,'1436','14361937',557),(558,'1437','14376680',558),(559,'1438','14380518',559),(560,'1439','14392808',560),(561,'1440','14406418',561),(562,'1501','15016172',562),(563,'1502','15024219',563),(564,'1503','15031076',564),(565,'1504','15048789',565),(566,'1505','15058513',566),(567,'1506','15062381',567),(568,'1507','15079097',568),(569,'1508','15084376',569),(570,'1509','15094623',570),(571,'1510','15102666',571),(572,'1511','15113289',572),(573,'1512','15125478',573),(574,'1513','15134538',574),(575,'1514','15143797',575),(576,'1515','15158993',576),(577,'1516','15160362',577),(578,'1517','15176124',578),(579,'1518','15186750',579),(580,'1519','15195705',580),(581,'1520','15202440',581),(582,'1521','15219462',582),(583,'1522','15227006',583),(584,'1523','15231516',584),(585,'1524','15242241',585),(586,'1525','15256341',586),(587,'1526','15262326',587),(588,'1527','15278352',588),(589,'1528','15280757',589),(590,'1529','15295859',590),(591,'1530','15306571',591),(592,'1531','15319753',592),(593,'1532','15320178',593),(594,'1533','15335861',594),(595,'1534','15340898',595),(596,'1535','15355754',596),(597,'1536','15367626',597),(598,'1537','15370603',598),(599,'1538','15383144',599),(600,'1539','15391298',600),(601,'1540','15409510',601),(602,'1601','16012960',602),(603,'1602','16029621',603),(604,'1603','16036620',604),(605,'1604','16043253',605),(606,'1605','16051732',606),(607,'1606','16062114',607),(608,'1607','16078301',608),(609,'1608','16087716',609),(610,'1609','16097116',610),(611,'1610','16109677',611),(612,'1611','16117744',612),(613,'1612','16124307',613),(614,'1613','16136605',614),(615,'1614','16140661',615),(616,'1615','16150169',616),(617,'1616','16167966',617),(618,'1617','16171831',618),(619,'1618','16189730',619),(620,'1619','16199510',620),(621,'1620','16203716',621),(622,'1621','16218103',622),(623,'1622','16224442',623),(624,'1623','16236145',624),(625,'1624','16249968',625),(626,'1625','16252122',626),(627,'1626','16261942',627),(628,'1627','16274201',628),(629,'1628','16280077',629),(630,'1629','16297563',630),(631,'1630','16305651',631),(632,'1631','16317904',632),(633,'1632','16322917',633),(634,'1633','16330196',634),(635,'1634','16341546',635),(636,'1635','16357967',636),(637,'1636','16367702',637),(638,'1637','16379266',638),(639,'1638','16385151',639),(640,'1639','16391781',640),(641,'1640','16404390',641),(642,'1701','17012611',642),(643,'1702','17020044',643),(644,'1703','17036402',644),(645,'1704','17041661',645),(646,'1705','17056318',646),(647,'1706','17067089',647),(648,'1707','17071749',648),(649,'1708','17083955',649),(650,'1709','17097793',650),(651,'1710','17104249',651),(652,'1711','17111239',652),(653,'1712','17123638',653),(654,'1713','17136378',654),(655,'1714','17149374',655),(656,'1715','17159270',656),(657,'1716','17162926',657),(658,'1717','17174023',658),(659,'1718','17188102',659),(660,'1719','17195219',660),(661,'1720','17203606',661),(662,'1721','17215203',662),(663,'1722','17224258',663),(664,'1723','17234295',664),(665,'1724','17245414',665),(666,'1725','17259632',666),(667,'1726','17261565',667),(668,'1727','17275285',668),(669,'1728','17287282',669),(670,'1729','17298941',670),(671,'1730','17301859',671),(672,'1731','17317616',672),(673,'1732','17322796',673),(674,'1733','17339550',674),(675,'1734','17346574',675),(676,'1735','17354351',676),(677,'1736','17363271',677),(678,'1737','17378438',678),(679,'1738','17382742',679),(680,'1739','17391021',680),(681,'1740','17406317',681),(682,'1801','18013186',682),(683,'1802','18020795',683),(684,'1803','18032005',684),(685,'1804','18040076',685),(686,'1805','18056540',686),(687,'1806','18063168',687),(688,'1807','18074707',688),(689,'1808','18087586',689),(690,'1809','18099593',690),(691,'1810','18100465',691),(692,'1811','18114574',692),(693,'1812','18122994',693),(694,'1813','18136551',694),(695,'1814','18148018',695),(696,'1815','18151341',696),(697,'1816','18168982',697),(698,'1817','18171459',698),(699,'1818','18184116',699),(700,'1819','18196285',700),(701,'1820','18202987',701),(702,'1821','18219173',702),(703,'1822','18226606',703),(704,'1823','18236170',704),(705,'1824','18249873',705),(706,'1825','18252538',706),(707,'1826','18268591',707),(708,'1827','18275679',708),(709,'1828','18289192',709),(710,'1829','18298102',710),(711,'1830','18307992',711),(712,'1831','18315796',712),(713,'1832','18322407',713),(714,'1833','18339455',714),(715,'1834','18349671',715),(716,'1835','18351731',716),(717,'1836','18366354',717),(718,'1837','18378525',718),(719,'1838','18389396',719),(720,'1839','18395174',720),(721,'1840','18408929',721),(722,'1901','19018514',722),(723,'1902','19028932',723),(724,'1903','19036552',724),(725,'1904','19044489',725),(726,'1905','19052839',726),(727,'1906','19066133',727),(728,'1907','19079991',728),(729,'1908','19086091',729),(730,'1909','19092451',730),(731,'1910','19102769',731),(732,'1911','19111284',732),(733,'1912','19122755',733),(734,'1913','19132251',734),(735,'1914','19148508',735),(736,'1915','19157641',736),(737,'1916','19168022',737),(738,'1917','19171254',738),(739,'1918','19181605',739),(740,'1919','19193882',740),(741,'1920','19204474',741),(742,'1921','19216989',742),(743,'1922','19222831',743),(744,'1923','19233382',744),(745,'1924','19246126',745),(746,'1925','19253052',746),(747,'1926','19265143',747),(748,'1927','19279299',748),(749,'1928','19283868',749),(750,'1929','19296456',750),(751,'1930','19304321',751),(752,'1931','19319351',752),(753,'1932','19322460',753),(754,'1933','19335483',754),(755,'1934','19341060',755),(756,'1935','19356632',756),(757,'1936','19363240',757),(758,'1937','19370528',758),(759,'1938','19382879',759),(760,'1939','19393459',760),(761,'1940','19404226',761),(762,'2001','20013535',762),(763,'2002','20021370',763),(764,'2003','20031547',764),(765,'2004','20041011',765),(766,'2005','20055654',766),(767,'2006','20065741',767),(768,'2007','20070896',768),(769,'2008','20086198',769),(770,'2009','20093155',770),(771,'2010','20104419',771),(772,'2011','20117424',772),(773,'2012','20128306',773),(774,'2013','20135370',774),(775,'2014','20143988',775),(776,'2015','20151524',776),(777,'2016','20169686',777),(778,'2017','20179028',778),(779,'2018','20187819',779),(780,'2019','20199487',780),(781,'2020','20206038',781),(782,'2021','20217703',782),(783,'2022','20223235',783),(784,'2023','20238122',784),(785,'2024','20245828',785),(786,'2025','20252606',786),(787,'2026','20265970',787),(788,'2027','20277395',788),(789,'2028','20282694',789),(790,'2029','20297428',790),(791,'2030','20309215',791),(792,'2031','20312300',792),(793,'2032','20321859',793),(794,'2033','20330258',794),(795,'2034','20342239',795),(796,'2035','20355368',796),(797,'2036','20364748',797),(798,'2037','20373127',798),(799,'2038','20388659',799),(800,'2039','20395548',800),(801,'2040','20404763',801),(802,'2101','21016647',802),(803,'2102','21029128',803),(804,'2103','21036532',804),(805,'2104','21049097',805),(806,'2105','21051592',806),(807,'2106','21065699',807),(808,'2107','21076385',808),(809,'2108','21080125',809),(810,'2109','21090231',810),(811,'2110','21109106',811),(812,'2111','21112946',812),(813,'2112','21126231',813),(814,'2113','21137808',814),(815,'2114','21145808',815),(816,'2115','21153794',816),(817,'2116','21169088',817),(818,'2117','21179055',818),(819,'2118','21180761',819),(820,'2119','21190069',820),(821,'2120','21207073',821),(822,'2121','21212296',822),(823,'2122','21225531',823),(824,'2123','21234631',824),(825,'2124','21248432',825),(826,'2125','21258593',826),(827,'2126','21265997',827),(828,'2127','21279447',828),(829,'2128','21283300',829),(830,'2129','21293477',830),(831,'2130','21305126',831),(832,'2131','21314960',832),(833,'2132','21320099',833),(834,'2133','21331607',834),(835,'2134','21346596',835),(836,'2135','21356278',836),(837,'2136','21369275',837),(838,'2137','21375922',838),(839,'2138','21385856',839),(840,'2139','21390532',840),(841,'2140','21406375',841),(842,'2201','22018860',842),(843,'2202','22029915',843),(844,'2203','22032552',844),(845,'2204','22042049',845),(846,'2205','22050738',846),(847,'2206','22062428',847),(848,'2207','22075690',848),(849,'2208','22082091',849),(850,'2209','22091610',850),(851,'2210','22102770',851),(852,'2211','22117826',852),(853,'2212','22124092',853),(854,'2213','22138942',854),(855,'2214','22148977',855),(856,'2215','22158720',856),(857,'2216','22160154',857),(858,'2217','22178545',858),(859,'2218','22184381',859),(860,'2219','22193078',860),(861,'2220','22204047',861),(862,'2221','22218433',862),(863,'2222','22223075',863),(864,'2223','22236956',864),(865,'2224','22244495',865),(866,'2225','22251337',866),(867,'2226','22269359',867),(868,'2227','22271353',868),(869,'2228','22283963',869),(870,'2229','22294053',870),(871,'2230','22304857',871),(872,'2231','22316684',872),(873,'2232','22328229',873),(874,'2233','22336993',874),(875,'2234','22341254',875),(876,'2235','22356592',876),(877,'2236','22369923',877),(878,'2237','22374708',878),(879,'2238','22388687',879),(880,'2239','22397209',880),(881,'2240','22408243',881),(882,'2301','23016574',882),(883,'2302','23023761',883),(884,'2303','23030584',884),(885,'2304','23044028',885),(886,'2305','23051077',886),(887,'2306','23066791',887),(888,'2307','23070479',888),(889,'2308','23080604',889),(890,'2309','23095130',890),(891,'2310','23109903',891),(892,'2311','23113770',892),(893,'2312','23120017',893),(894,'2313','23136214',894),(895,'2314','23148565',895),(896,'2315','23159017',896),(897,'2316','23166688',897),(898,'2317','23177333',898),(899,'2318','23185412',899),(900,'2319','23193094',900),(901,'2320','23207405',901),(902,'2321','23212131',902),(903,'2322','23226946',903),(904,'2323','23232853',904),(905,'2324','23241833',905),(906,'2325','23256403',906),(907,'2326','23261496',907),(908,'2327','23275864',908),(909,'2328','23282097',909),(910,'2329','23292853',910),(911,'2330','23303396',911),(912,'2331','23315604',912),(913,'2332','23324325',913),(914,'2333','23335028',914),(915,'2334','23342513',915),(916,'2335','23353765',916),(917,'2336','23363614',917),(918,'2337','23379196',918),(919,'2338','23385485',919),(920,'2339','23399785',920),(921,'2340','23404326',921),(922,'2401','24017418',922),(923,'2402','24029408',923),(924,'2403','24035750',924),(925,'2404','24042557',925),(926,'2405','24054235',926),(927,'2406','24062604',927),(928,'2407','24072946',928),(929,'2408','24088890',929),(930,'2409','24090817',930),(931,'2410','24109563',931),(932,'2411','24116832',932),(933,'2412','24128651',933),(934,'2413','24133795',934),(935,'2414','24142434',935),(936,'2415','24151540',936),(937,'2416','24169941',937),(938,'2417','24178829',938),(939,'2418','24180244',939),(940,'2419','24192422',940),(941,'2420','24209263',941),(942,'2421','24219361',942),(943,'2422','24228788',943),(944,'2423','24239034',944),(945,'2424','24246140',945),(946,'2425','24251721',946),(947,'2426','24267368',947),(948,'2427','24275944',948),(949,'2428','24286367',949),(950,'2429','24294663',950),(951,'2430','24306874',951),(952,'2431','24311847',952),(953,'2432','24328663',953),(954,'2433','24339921',954),(955,'2434','24349623',955),(956,'2435','24359074',956),(957,'2436','24360849',957),(958,'2437','24374607',958),(959,'2438','24384188',959),(960,'2439','24398477',960),(961,'2440','24402856',961),(962,'2501','25018374',962),(963,'2502','25026103',963),(964,'2503','25031274',964),(965,'2504','25048188',965),(966,'2505','25056500',966),(967,'2506','25061411',967),(968,'2507','25073328',968),(969,'2508','25088889',969),(970,'2509','25090600',970),(971,'2510','25106062',971),(972,'2511','25118347',972),(973,'2512','25124969',973),(974,'2513','25133069',974),(975,'2514','25144521',975),(976,'2515','25151472',976),(977,'2516','25161221',977),(978,'2517','25170412',978),(979,'2518','25185403',979),(980,'2519','25191896',980),(981,'2520','25200743',981),(982,'2521','25210812',982),(983,'2522','25228209',983),(984,'2523','25238329',984),(985,'2524','25244232',985),(986,'2525','25258841',986),(987,'2526','25263554',987),(988,'2527','25277468',988),(989,'2528','25288143',989),(990,'2529','25290180',990),(991,'2530','25307093',991),(992,'2531','25314951',992),(993,'2532','25321653',993),(994,'2533','25337203',994),(995,'2534','25344178',995),(996,'2535','25352819',996),(997,'2536','25364437',997),(998,'2537','25375545',998),(999,'2538','25380291',999),(1000,'2539','25392361',1000),(1001,'2540','25408164',1001);
/*!40000 ALTER TABLE `accounts_generation` ENABLE KEYS */;
UNLOCK TABLES;

--
-- Table structure for table `accounts_user`
--

DROP TABLE IF EXISTS `accounts_user`;
/*!40101 SET @saved_cs_client     = @@character_set_client */;
/*!50503 SET character_set_client = utf8mb4 */;
CREATE TABLE `accounts_user` (
  `id` int NOT NULL AUTO_INCREMENT,
  `password` varchar(128) COLLATE utf8mb4_general_ci NOT NULL,
  `last_login` datetime(6) DEFAULT NULL,
  `is_superuser` tinyint(1) NOT NULL,
  `email` varchar(255) COLLATE utf8mb4_general_ci NOT NULL,
  `name` varchar(255) COLLATE utf8mb4_general_ci NOT NULL,
  `is_active` tinyint(1) NOT NULL,
  `is_staff` tinyint(1) NOT NULL,
  PRIMARY KEY (`id`),
  UNIQUE KEY `email` (`email`)
) ENGINE=InnoDB AUTO_INCREMENT=1002 DEFAULT CHARSET=utf8mb4 COLLATE=utf8mb4_general_ci;
/*!40101 SET character_set_client = @saved_cs_client */;

--
-- Dumping data for table `accounts_user`
--

LOCK TABLES `accounts_user` WRITE;
/*!40000 ALTER TABLE `accounts_user` DISABLE KEYS */;
INSERT INTO `accounts_user` VALUES (1,'pbkdf2_sha256$216000$hGPe0FY8574E$Cfh762CPxOTWPrgO5yxOiD4Br9O3DtNrELsD9tDl4+Q=',NULL,1,'admin@api.kr','',1,1),(2,'pbkdf2_sha256$216000$LOpeAcGwmrga$ONRpGwN2rFcv+sqiTR1YhS6SVLAPOXvxbR/w2FOeQCQ=',NULL,0,'0101@api.kr','',1,0),(3,'pbkdf2_sha256$216000$XRzhJdf1hKK1$DvMPzwGSpq3MUid4I9fPBgkxwgzl9oHTZ5l2ZvonqYU=',NULL,0,'0102@api.kr','',1,0),(4,'pbkdf2_sha256$216000$B6Jy1UJXyjGY$aMwKFme8l1vDn5Qr1QJ96ZK8g57mRWvayPooF0VOaLY=',NULL,0,'0103@api.kr','',1,0),(5,'pbkdf2_sha256$216000$HEbFN40AuBtD$d/Fu49yirA0a9s7tqSg1cTIpLhpmbe+xDKhnicZpQBQ=',NULL,0,'0104@api.kr','',1,0),(6,'pbkdf2_sha256$216000$haz2Q0ZNWQXs$x3lh2VTM+BWJT5GFYYIRZknF+EZTNBEEp4QCHXiNTBg=',NULL,0,'0105@api.kr','',1,0),(7,'pbkdf2_sha256$216000$V5T5ZBVoZ1zw$xtfB9a+Pw4KKzdq13j0SOMo7fvadT7CrHO76kqx6+vc=',NULL,0,'0106@api.kr','',1,0),(8,'pbkdf2_sha256$216000$JZEDnbhRpmpl$RRxkUiM2pubGVApGCIx1vPwjd1gAkWSBu7NcWFGnscs=',NULL,0,'0107@api.kr','',1,0),(9,'pbkdf2_sha256$216000$N1k4OrJfpulC$FCirwaheJFBBK5HCnk7clxytRusKIVg0eddBttbHLn8=',NULL,0,'0108@api.kr','',1,0),(10,'pbkdf2_sha256$216000$VFwhaGfDk8SG$PH65bjm/WbUwzORm4T8PhO+4Cdi67g9CpDr88Prd//c=',NULL,0,'0109@api.kr','',1,0),(11,'pbkdf2_sha256$216000$5N2uRxyUFHru$RXT5hwA6WuM0jlQHmjkYtf4kXXZPeygqOW1gBXLL78M=',NULL,0,'0110@api.kr','',1,0),(12,'pbkdf2_sha256$216000$IRBpGGkPTWTy$4VoQR7jao+49GAogZd4GrYXOBkm+wvpmI04G7TZXNak=',NULL,0,'0111@api.kr','',1,0),(13,'pbkdf2_sha256$216000$PsJalhKpT9lS$Oi+YrT64mk2S+6VHrTr88qri31RoytJQP4L+dTLtITY=',NULL,0,'0112@api.kr','',1,0),(14,'pbkdf2_sha256$216000$1UQueMUnHnxw$k2D0aFXH8KtSS4wNWkskz5lGi20WbqgYdFoDmj57T9w=',NULL,0,'0113@api.kr','',1,0),(15,'pbkdf2_sha256$216000$GozBhEj9DFjg$wsfyh1Txc5SPtAdEYsTkQyg6uHNwj7iGZ4Coj/TRxyc=',NULL,0,'0114@api.kr','',1,0),(16,'pbkdf2_sha256$216000$ZVGfKNA30Cr7$K4GoV0SnoJMvVJKDXmrnyeqyoYNbXb4yQ08VwrOnY/c=',NULL,0,'0115@api.kr','',1,0),(17,'pbkdf2_sha256$216000$yZQcODzbZJ9O$qDibSPSEfcZpIriN67FtNEmpkKIj4RdkvZ8ExRbxpfQ=',NULL,0,'0116@api.kr','',1,0),(18,'pbkdf2_sha256$216000$B6rnU0Il4uwS$Uj2tdeyMenHN0dk2rUSPDunmTjICvaoxryHR9uOcmn0=',NULL,0,'0117@api.kr','',1,0),(19,'pbkdf2_sha256$216000$Bqj9w9JpKEuK$kDM685xwCc2WFuGeJajcHXh7Bd7eBasILKRUYVwXHZ0=',NULL,0,'0118@api.kr','',1,0),(20,'pbkdf2_sha256$216000$L7rixNEw6C65$KiDH+jIH53RYc+rstbX/oTnIxOWXZ0TA533ilaFqVLE=',NULL,0,'0119@api.kr','',1,0),(21,'pbkdf2_sha256$216000$ewXJ9nTopIu1$9JxzIdBGI5aj0Ax+00GIIbfHGkhjJwP6FL02Ix8kvng=',NULL,0,'0120@api.kr','',1,0),(22,'pbkdf2_sha256$216000$7OpoBFeV2Cu2$r+JKm5Qip/PoSHWO64IeLWti3pmC8/ZNIAiXDQUAGL8=',NULL,0,'0121@api.kr','',1,0),(23,'pbkdf2_sha256$216000$QQQU8nAFaUTx$x6enyDiUs90wYkEqc0YPyIrhY0X3g0X/C4tW1GHanW0=',NULL,0,'0122@api.kr','',1,0),(24,'pbkdf2_sha256$216000$eVYAuA3WFr0h$26vTYiYa57dHEsU6falgEgMwn5Pv0isTByoIfQ8oMXQ=',NULL,0,'0123@api.kr','',1,0),(25,'pbkdf2_sha256$216000$k7jkT5TMjvGk$mSmVJ7DPB87M1l8lH0fO2ogCm4V3+pqNBTjmT2l2Piw=',NULL,0,'0124@api.kr','',1,0),(26,'pbkdf2_sha256$216000$De9Lhc3iUrXg$B10htQ7uTnpcXhrmwD5KGgMDPJLmdWmvLzuaVlwD3ww=',NULL,0,'0125@api.kr','',1,0),(27,'pbkdf2_sha256$216000$AZwKRF0Jygwl$+AVxS4P0mMelfZmKs4QROGxGWGNYMl/vKhMzqQ3P+Gc=',NULL,0,'0126@api.kr','',1,0),(28,'pbkdf2_sha256$216000$DIoz3Z0wenNu$GuybLCkAlXKfH6sfuA+qETtuSwd2FyOHCiG2lUroZpw=',NULL,0,'0127@api.kr','',1,0),(29,'pbkdf2_sha256$216000$OfcYqYzD7jwt$hJFtgwgu4qmETY16n3anjN1JrUquqidzR+dB8nQ1VeM=',NULL,0,'0128@api.kr','',1,0),(30,'pbkdf2_sha256$216000$IPRNVS6lEp3l$GeYKHaa1DZpP1unlhEeXoedpAepFZL3q/O67N5rOFk4=',NULL,0,'0129@api.kr','',1,0),(31,'pbkdf2_sha256$216000$hxsRJztrvJTJ$Ws3NCVNPpz+bkNH2GmIelXERFODlrcLJqLiZdG9zUSE=',NULL,0,'0130@api.kr','',1,0),(32,'pbkdf2_sha256$216000$OgWrNU6cnbMe$KYKiFs1QhcWL4GbEjJHHbLbU2lIa/IPv+H7sZPA4QFU=',NULL,0,'0131@api.kr','',1,0),(33,'pbkdf2_sha256$216000$MwP1dL5i28Lp$xRZxTaSQvVCLLJH5FhvVrtm014G7uosAFFaciLK7opM=',NULL,0,'0132@api.kr','',1,0),(34,'pbkdf2_sha256$216000$6UMoxDP9btoL$okhfBSabNO2CSJVQ9sZ4S/XQOX+MoOCXKJFJn72vE5M=',NULL,0,'0133@api.kr','',1,0),(35,'pbkdf2_sha256$216000$f6smETOsYJPx$lnR/hIMQyjzOz4Ql13Tksae5Yd9XGVSMdmA2vrSxp7k=',NULL,0,'0134@api.kr','',1,0),(36,'pbkdf2_sha256$216000$LdnoVTlGCkga$z7BIGg8yEtSld9q8EiZpghP+dXPfPwuF3JofGItD/B4=',NULL,0,'0135@api.kr','',1,0),(37,'pbkdf2_sha256$216000$mwBlhAie1qmZ$+ROHvDbZs5Gz6Jl7NV0dAX3U5Rkv5dZIDGkDWOGFrnw=',NULL,0,'0136@api.kr','',1,0),(38,'pbkdf2_sha256$216000$Eo8jGArgEup4$tW0Fs461RCyIlNzJ3xtVNIO0Hb69PUAXcOodiWbytIw=',NULL,0,'0137@api.kr','',1,0),(39,'pbkdf2_sha256$216000$ZTp8WexCxlEG$ZiI2+Um24plvx7qcNSs954B49HdOz0JNG6CCduLWnKQ=',NULL,0,'0138@api.kr','',1,0),(40,'pbkdf2_sha256$216000$ywnRS768ncKs$KkdtjykzXi7ihNrk7z+sEO+qAHyEQgJw4zXYQJWV/7k=',NULL,0,'0139@api.kr','',1,0),(41,'pbkdf2_sha256$216000$kgdD7OmpxWVK$fN89dnryxgHluHCkKF1uuPpdXQwaTJFS3jqpiU49+eA=',NULL,0,'0140@api.kr','',1,0),(42,'pbkdf2_sha256$216000$3FRRDBe3P2kk$tsCJ2GLx1T+pOyOqtBDWcWbJDbKZgiLwYsFu6ixaZ8A=',NULL,0,'0201@api.kr','',1,0),(43,'pbkdf2_sha256$216000$n6hULQ1PW4Om$gLkkdh9EfEjSv4WQVCo02yrh0lxtPOqazbqEFizHjv8=',NULL,0,'0202@api.kr','',1,0),(44,'pbkdf2_sha256$216000$NzBHoPWkVdCA$bvKfm96aZOs4QHeHGAOiXQXN9jt6MvcYnuUcb4CsXS8=',NULL,0,'0203@api.kr','',1,0),(45,'pbkdf2_sha256$216000$4fVrVykAWPvL$7WSeKytgzufDtu8sB4dJYD5eBf0N1aZdDX+9AgpC9Ic=',NULL,0,'0204@api.kr','',1,0),(46,'pbkdf2_sha256$216000$h0Vfqpp9B0qG$dlE4gHKzfC1EhmLxBSTsWUnTadv/YL7BIrIf47Tlogk=',NULL,0,'0205@api.kr','',1,0),(47,'pbkdf2_sha256$216000$Zmj1Sg4mC119$79pydCDRkofvY67v4UUEKaQuxlwxzWF7BUCra39QtFU=',NULL,0,'0206@api.kr','',1,0),(48,'pbkdf2_sha256$216000$1vW9mqPgzhJm$uLVfvG+nKG8Nqyf/dMF33yjgasvti89/gP/+QJou0/c=',NULL,0,'0207@api.kr','',1,0),(49,'pbkdf2_sha256$216000$ZM2MFaqIWpr4$WFm5qHzQc+cm6ZJyyOHrbD0gL7dct5jR1sAPwAdn9Rc=',NULL,0,'0208@api.kr','',1,0),(50,'pbkdf2_sha256$216000$HezXEqd5My9t$zDv0r98Atwbv96wL+3C3gx0bgr9B8apBSWYv/gutf9A=',NULL,0,'0209@api.kr','',1,0),(51,'pbkdf2_sha256$216000$Nf7Ur3m7cnEi$H1ywl2mqOwNJIIVPIo8lC1+WHJ9wqcwcnf73+N6ZL1c=',NULL,0,'0210@api.kr','',1,0),(52,'pbkdf2_sha256$216000$1Lxt1TuoL6kk$Sx3gzpDlDI3VAUjpizM7+gdWhgMhnDyC9XRlLPdant4=',NULL,0,'0211@api.kr','',1,0),(53,'pbkdf2_sha256$216000$h989ED7jpMfW$W94Wgs1Bo4tlfBdF/kAaHN7FFj4lkkPEF4hLe1YfgHM=',NULL,0,'0212@api.kr','',1,0),(54,'pbkdf2_sha256$216000$VjORDXIgEcNk$L61DVKqvdAtD8W/v7lsmeDR2+gn9YxZ+BecckXErZug=',NULL,0,'0213@api.kr','',1,0),(55,'pbkdf2_sha256$216000$PkhUrhmzENuw$VpExtKanU71scXEifTEoIDVCSGBD5s5B5K6DL+ukYag=',NULL,0,'0214@api.kr','',1,0),(56,'pbkdf2_sha256$216000$ZeZpH8Iud57N$+ZWD2twIO094IXEDWj5Al8KWi+goPTW1L6YijpAijiw=',NULL,0,'0215@api.kr','',1,0),(57,'pbkdf2_sha256$216000$5jcXIH4ByAoS$4R0TKnuqjfYcdZHn55IdKlBZwTiSP1y8faK1tWpwQg0=',NULL,0,'0216@api.kr','',1,0),(58,'pbkdf2_sha256$216000$To81NAPR8Fyc$K7MFL2bbA5+WUp76kIg3lyPslGumh4Rrc4MkItXV3FQ=',NULL,0,'0217@api.kr','',1,0),(59,'pbkdf2_sha256$216000$AbheGAbo94wl$8P/J0vBVcdv0gmXH61/2KhTXij66T7yod2FPIx5XVB0=',NULL,0,'0218@api.kr','',1,0),(60,'pbkdf2_sha256$216000$4b1yN2MtvMaj$oWSpMDJlWd/kZzSlWZJaK8UwdtUWhQtM5UTIri/LqqU=',NULL,0,'0219@api.kr','',1,0),(61,'pbkdf2_sha256$216000$s92FvI0eex1x$8MSXN5hkZbPRT/ircZkkVBgztT+DwJaU7fQkaVOGX4E=',NULL,0,'0220@api.kr','',1,0),(62,'pbkdf2_sha256$216000$6ExnSzqesTVG$y/wsS62HCqk5OP7WsJrKusDAUS8Zp1Bc6mFTXQX1iuA=',NULL,0,'0221@api.kr','',1,0),(63,'pbkdf2_sha256$216000$f8g4WFhTZnRl$MpzDlLAvHHAxJ7wwW4JObfZG6Rc+n6mlJJchkAm4tEw=',NULL,0,'0222@api.kr','',1,0),(64,'pbkdf2_sha256$216000$tGR3HSOQPlhV$Iev8TT7+5dPf0NaSFR7nhvSrudRHLw1SPfvOSitHR/s=',NULL,0,'0223@api.kr','',1,0),(65,'pbkdf2_sha256$216000$mxbwmoqGVnUu$1CKoDLNl6CIsz241M4pse79Fi673Sy9aqB00yBnmoXE=',NULL,0,'0224@api.kr','',1,0),(66,'pbkdf2_sha256$216000$RRCbfZwCp5BT$5Li4XL/xvlNBn1JRns+DmgGivQEpCXg+rbsDZKVUjZk=',NULL,0,'0225@api.kr','',1,0),(67,'pbkdf2_sha256$216000$OVE60wL0LuEi$8D+MY7SLE/nECHIZ4Bo8ewAYXG5x1OxLDAhIJi7F77M=',NULL,0,'0226@api.kr','',1,0),(68,'pbkdf2_sha256$216000$d8wK8pnUEUE2$Sw+Lev+55C3sFN4L7ipZPNJ0RLtv+UENvYGLfrp3neY=',NULL,0,'0227@api.kr','',1,0),(69,'pbkdf2_sha256$216000$sApF7zzZAVBC$UlKSZ0KSc6Syyp9jRYlOTOSVso3lI8cQlcRWEAvnhqI=',NULL,0,'0228@api.kr','',1,0),(70,'pbkdf2_sha256$216000$NJYb5omOWMdI$AZZ34hCua5TU+md5Z+ppFKIwK5yr7ck9o2CVIokSoKU=',NULL,0,'0229@api.kr','',1,0),(71,'pbkdf2_sha256$216000$32jqvX91kJmt$pLlMPBYVnke8NTHoSnNodh2a2QAB9STWk0NiMM/FKW0=',NULL,0,'0230@api.kr','',1,0),(72,'pbkdf2_sha256$216000$CVc9XjVrIZyW$QUA9ZvDDJdR5zhrVaOjzUWcoLfjZxjxuKwgL9ncxssw=',NULL,0,'0231@api.kr','',1,0),(73,'pbkdf2_sha256$216000$zGNlDEOErNl2$EoadT6ce3dODc6DyUg9Ag+sS11y/rMtGlsdcg3+8UTU=',NULL,0,'0232@api.kr','',1,0),(74,'pbkdf2_sha256$216000$MiVM9XjqAT1C$TswGPP4IepEmoEzCQHYOqpLQeCaIkSWSDduu3W/bcOU=',NULL,0,'0233@api.kr','',1,0),(75,'pbkdf2_sha256$216000$JkVqvQVlxDuv$k+uE4u99rtWN2WvzWk1TOakb1iLJkoYwboTrrE5YBrg=',NULL,0,'0234@api.kr','',1,0),(76,'pbkdf2_sha256$216000$2nZwfj1E3FZc$g+ce8gUDqOhqCV8W3PyXxmA+JsERZZwCMW823xLwv/Q=',NULL,0,'0235@api.kr','',1,0),(77,'pbkdf2_sha256$216000$or4jdXXzG2Lx$dBxotpw82cP4dl0ng2z8valKoUKXQ3qcqODB0T1SDxE=',NULL,0,'0236@api.kr','',1,0),(78,'pbkdf2_sha256$216000$dRVFtFEWOKS2$u0C5WTCBRf28iL06zmu9/0UO2Cp5sb+Sy+/VIV1YdWU=',NULL,0,'0237@api.kr','',1,0),(79,'pbkdf2_sha256$216000$5umqP1hEJlU0$NYWc7VwTin70foBkoKSVW+o9MrIZikMKqkfz25EfYuk=',NULL,0,'0238@api.kr','',1,0),(80,'pbkdf2_sha256$216000$S33haoftB0s9$r7pjU8f50zg3kr92aMWuSqLHEkz4DOQrMsASkftaWS4=',NULL,0,'0239@api.kr','',1,0),(81,'pbkdf2_sha256$216000$RUzpYBr7uTbv$f7j3q26J7kU864xBqAWKc7ULenGWWdQklXH/sysvxlk=',NULL,0,'0240@api.kr','',1,0),(82,'pbkdf2_sha256$216000$Vrix18R6F3f9$vtFPX8jbIFwHcGdTSNERZEcoPco4zth6LzsGBbXHEwU=',NULL,0,'0301@api.kr','',1,0),(83,'pbkdf2_sha256$216000$eswvlZTtkyK1$cXL8D9JcLs1RhTg8q+KKxSlg7Bo12ObcBTnv5mdvP6E=',NULL,0,'0302@api.kr','',1,0),(84,'pbkdf2_sha256$216000$9UOF768OkiPZ$ElgiogTSgYFkz2rrB1I3Njcw9hs7GDaDxHrVRXKXMvM=',NULL,0,'0303@api.kr','',1,0),(85,'pbkdf2_sha256$216000$2fU7O3qKxQVN$z5ZONMq63NUMsCuzkiwcro7/kJIyqLbYxHqyQ6IBisQ=',NULL,0,'0304@api.kr','',1,0),(86,'pbkdf2_sha256$216000$E2a26PIksV2h$cVNeHeFEr7qtsFZKzbTu4h98fFT8P5Fl3X3o76a91IA=',NULL,0,'0305@api.kr','',1,0),(87,'pbkdf2_sha256$216000$oAjYqOb3psDX$/aGkk/Fd6+uwQ4AG6uT6k3ugFbBXtyGo7MQQgBYv/C4=',NULL,0,'0306@api.kr','',1,0),(88,'pbkdf2_sha256$216000$P93sazG1IaDr$1fFFCgOK8s8X1xOeP4C0M1Txz6+p7SaLX2BHoLy7Mas=',NULL,0,'0307@api.kr','',1,0),(89,'pbkdf2_sha256$216000$5Ks78dgA1DU1$o45MoVmXCi6JKdNM4P9PeZaiuPLnrOQd2iDiHada63c=',NULL,0,'0308@api.kr','',1,0),(90,'pbkdf2_sha256$216000$BfQpU6c3P3GG$29Hof4VSvW8YsqGYoIHzUd0DXFhQfRauoK1PbaGOA48=',NULL,0,'0309@api.kr','',1,0),(91,'pbkdf2_sha256$216000$OPSVWk4YagF1$j3CeLQ+AzDr2wWKqq+LSLiashL7AQJVdMnz4wabsk/k=',NULL,0,'0310@api.kr','',1,0),(92,'pbkdf2_sha256$216000$hoYDsWmzdvrR$R2GrpKPPoUvgRfnPK9sr0RG2pMKEVvo/vh+3g2JhXS0=',NULL,0,'0311@api.kr','',1,0),(93,'pbkdf2_sha256$216000$iMifBzCfB5M1$OnRijYFh4KAdhf9uIKT/4ZAdX0opIi8seEdDFMYAJvE=',NULL,0,'0312@api.kr','',1,0),(94,'pbkdf2_sha256$216000$2eAHNKyeJtQx$ASvWGsT5N7Rob28obI+DevUPx1AeZq3xftK0bkhn3aw=',NULL,0,'0313@api.kr','',1,0),(95,'pbkdf2_sha256$216000$JAPmyp2TP3bK$TRZa6on+kJ/+coqZAjFShCg2OIznPmvlBJDyGvxHTtg=',NULL,0,'0314@api.kr','',1,0),(96,'pbkdf2_sha256$216000$DQ7ulwFXD78v$ndoAiGIWivxdtchQ9ChcK0d9geZ0ITdNOcVmaQoD9tw=',NULL,0,'0315@api.kr','',1,0),(97,'pbkdf2_sha256$216000$psbYpkMZoJE9$fkOznVn7bKXlIP59Rj7GIIeuHY4pOTtArecuIkUlndQ=',NULL,0,'0316@api.kr','',1,0),(98,'pbkdf2_sha256$216000$6geyk8XB8YyN$xMtBA9RLXf3dUIPF/fRZVIYwapXnUTYztWf4f/g3bxY=',NULL,0,'0317@api.kr','',1,0),(99,'pbkdf2_sha256$216000$y7ajT7MPddTY$RvEWpZhsi0Js2pmRJ4tl598vpY6bNTPun/nr2J7Lmz8=',NULL,0,'0318@api.kr','',1,0),(100,'pbkdf2_sha256$216000$x8mYAZRnORJg$t/LRODpY265py5lCRdidyosALV3s5WmQgzcv69M9T88=',NULL,0,'0319@api.kr','',1,0),(101,'pbkdf2_sha256$216000$NB4PYwYw709U$S9Vmqwdu6+QKzcYJcHmSLkyKkiMmvwgocJRGugqfutA=',NULL,0,'0320@api.kr','',1,0),(102,'pbkdf2_sha256$216000$oOqUvSNueiMI$XvYk2PrTdH6HofHs56lcppcXGwxvQcSK9QSySx6mdVo=',NULL,0,'0321@api.kr','',1,0),(103,'pbkdf2_sha256$216000$wJH0q7NOG4co$otRY6BFRNfeOZeORWLoQfDxq0Nozt72MKIKLjOwpHhg=',NULL,0,'0322@api.kr','',1,0),(104,'pbkdf2_sha256$216000$r1kVHQyScGRR$kPEkExn0CnGU82x3V+WF3cAfkpzuOZP1hjnh+TsOPf4=',NULL,0,'0323@api.kr','',1,0),(105,'pbkdf2_sha256$216000$RLPWSNI4G1fo$krUzoWcgfSP3jqeIE0b//iM3Dd55rgcJDHLR4Fyvgjo=',NULL,0,'0324@api.kr','',1,0),(106,'pbkdf2_sha256$216000$x1oGAg2qLPBt$DAxh2PDQXS1+MC7/GUSHtimahUHZSjmq53nZv0XNulQ=',NULL,0,'0325@api.kr','',1,0),(107,'pbkdf2_sha256$216000$IZQjiZ5O2Pc5$5yUuswDeLefvOnahIkiHmZ/qQCKLD2IjI1pT+mAZCV4=',NULL,0,'0326@api.kr','',1,0),(108,'pbkdf2_sha256$216000$hkREBtYNonQp$z6PN0ox8TjYY7k3GIQh2z7nenlJguNK651SxBl03Fp0=',NULL,0,'0327@api.kr','',1,0),(109,'pbkdf2_sha256$216000$Ob9W1KmiMXkY$4E4a+LdzcOYk5JSsqTCPqKnU/YVLEKAS27I/aY+Lu3Y=',NULL,0,'0328@api.kr','',1,0),(110,'pbkdf2_sha256$216000$AqAKJZbBrFIJ$/WIvPlbeaEbeecIef1B34viFyu/qML+poeebfyCjcgU=',NULL,0,'0329@api.kr','',1,0),(111,'pbkdf2_sha256$216000$726RsLU7mTD0$bWDMwTp+9tc/5w6gVBZR4Ypu0Tv3JmL5iByx4N3e44g=',NULL,0,'0330@api.kr','',1,0),(112,'pbkdf2_sha256$216000$aCJvFXIKQOdO$6/WmwW45nyQBfkdF/PzU8YOexnRrCQIB8JpLnPlGTZ0=',NULL,0,'0331@api.kr','',1,0),(113,'pbkdf2_sha256$216000$LjLJOIazvCsY$xIDqzKO1x+aRF6hmbVFv0yxK+49m4jrfwOIcYsvtbf0=',NULL,0,'0332@api.kr','',1,0),(114,'pbkdf2_sha256$216000$ZN0neFlg2fiH$GpkGrof4Lw2IED+7bsglDfikxTfk/cIIt8T+Vx08LfM=',NULL,0,'0333@api.kr','',1,0),(115,'pbkdf2_sha256$216000$u3XzyUXmo4hS$t/JHksr1H0VXh/YzEs1TcaTJZw1dKdbC7r7YtmyOntw=',NULL,0,'0334@api.kr','',1,0),(116,'pbkdf2_sha256$216000$xF3mOWAOVGCM$2v6FS4Ci0CAv6J9n8s/1v1TBsYiqrf6WlSjGJH9ENKw=',NULL,0,'0335@api.kr','',1,0),(117,'pbkdf2_sha256$216000$GeeW2DeuALx3$OP4MALSJK7ag+FjKGJedBwqK0Rmcfwc/IzhvlDU0UGU=',NULL,0,'0336@api.kr','',1,0),(118,'pbkdf2_sha256$216000$gMwBX5KcSEj3$TFPdME6+jXxYwPOoYXlWjLiw51CcWkBoXghzzJzIPvk=',NULL,0,'0337@api.kr','',1,0),(119,'pbkdf2_sha256$216000$mYLH5iqjT3jn$IJXdMAAhmKy8+Ieop9AbbsmxYJkaKIlexH4GFRD4VQg=',NULL,0,'0338@api.kr','',1,0),(120,'pbkdf2_sha256$216000$E9vKavaxGnAs$nhyKjdv+/Kz11ojRRW8MinafuE2IfQEXWpYPGBFQsEQ=',NULL,0,'0339@api.kr','',1,0),(121,'pbkdf2_sha256$216000$NWZjpVmZ9Udd$4hFvVf6q7sxG+fJzvshyY7jxq00osWzRK/2cNiQ+cAM=',NULL,0,'0340@api.kr','',1,0),(122,'pbkdf2_sha256$216000$inipWMjiRrjJ$6GDCMGG1izCPIO1xKvLO3kiWsNaNoQgDpDmFCi6ROdU=',NULL,0,'0401@api.kr','',1,0),(123,'pbkdf2_sha256$216000$EWBEYPUxWcrd$I2vX+7Q9Nni8gqB5bjL9q7D1sC6yLvGmSHfBgugVMsI=',NULL,0,'0402@api.kr','',1,0),(124,'pbkdf2_sha256$216000$VqK20e6FL8Gh$hjwVRSGcXZxlvlD5kZNZinF9DaE26vXp1cD176xP63c=',NULL,0,'0403@api.kr','',1,0),(125,'pbkdf2_sha256$216000$TwcYiJXGV8EB$W2RYib3LkOj7jtECpWfZoyWDPh0AUiz3HCfqyGFuhWI=',NULL,0,'0404@api.kr','',1,0),(126,'pbkdf2_sha256$216000$nGxsvCKZtPnN$P4EDU3bEZE/W9AiN9rxG+7Qs2MxOkPV6vh4coZqMGeQ=',NULL,0,'0405@api.kr','',1,0),(127,'pbkdf2_sha256$216000$HIopYjar0HBu$JXI+NAYIk3LBVCRIsiWZwDxrvWIQdZ8rvIFR9S3mPUA=',NULL,0,'0406@api.kr','',1,0),(128,'pbkdf2_sha256$216000$flnf3PhCdYic$OET5KhTCMe8CIPciFMDUY8CUwJ/thnGEr5mPfJck1Pc=',NULL,0,'0407@api.kr','',1,0),(129,'pbkdf2_sha256$216000$H04m3j7M0yYX$OzYqVIb/GwUEkgTfr+bS3lMjoDMWq+48cRhwK0mE66I=',NULL,0,'0408@api.kr','',1,0),(130,'pbkdf2_sha256$216000$UaPUkPyhb8yo$pXNdhT4ZXs5VZ6jivjx9Hyc1sOK3+8YgpG+y2jdrnMI=',NULL,0,'0409@api.kr','',1,0),(131,'pbkdf2_sha256$216000$UN1qeJmAwVgv$bT9DYHzxo5yj2xL8AVl2jN0UfNan8EyAuZA08ou+4yQ=',NULL,0,'0410@api.kr','',1,0),(132,'pbkdf2_sha256$216000$qVdEC35jArNl$C2BORM0hhGoPJgAVdebdULLFg8paDAHyD5tGMWW+th8=',NULL,0,'0411@api.kr','',1,0),(133,'pbkdf2_sha256$216000$MyyVpbP50DmR$iKUIaA4Wn7+Ajpk2D1UGl5yjCnC6L3zgpSnw+suAhQc=',NULL,0,'0412@api.kr','',1,0),(134,'pbkdf2_sha256$216000$BhKpl4eJS1Gl$V/tjeOXbxPTLLN5xz8nzPCws1y2swkqvhGe2edgZUOI=',NULL,0,'0413@api.kr','',1,0),(135,'pbkdf2_sha256$216000$LeUYuG06njr0$R/IeRpYN3ys+hobZIHET/OCLCX1B2Jwe2/zMUDXbdEI=',NULL,0,'0414@api.kr','',1,0),(136,'pbkdf2_sha256$216000$Uvv9mXeRCEDs$KJWk6gc5DAYZl5YFF6ShdXOaL/HNVAAbWZjxiJPWHr4=',NULL,0,'0415@api.kr','',1,0),(137,'pbkdf2_sha256$216000$ErZn4LlrmTBh$smyo+8g+YyTlswu4o7nieuy2a7dwWaMyTm6+wIZXhmo=',NULL,0,'0416@api.kr','',1,0),(138,'pbkdf2_sha256$216000$oxwzTjmNFyhc$imYnt9HMSqCyrM/iEl9QxRBvrwynUbmiffXcjpp/Kos=',NULL,0,'0417@api.kr','',1,0),(139,'pbkdf2_sha256$216000$QxtMjWyEilOB$FU2xaM1noERo8gwCkac5M1eGaYXmped9h6LYdsJZDeU=',NULL,0,'0418@api.kr','',1,0),(140,'pbkdf2_sha256$216000$FZfwNrbJSU83$tJPhz1VUZlPw06G+SS+pqp4GfCFCnDMC/XVtBXfdfw8=',NULL,0,'0419@api.kr','',1,0),(141,'pbkdf2_sha256$216000$vIQsp0dyXiKo$CGzHpazLE7Xx7Za/I0+jTWnryLdvYtDsSTQ4dt9mb/g=',NULL,0,'0420@api.kr','',1,0),(142,'pbkdf2_sha256$216000$Ulfl03pmLsmP$MpMsQVvsNoG7rejpAYOXgfQfnBSDFwF4o0kJcFu3FRw=',NULL,0,'0421@api.kr','',1,0),(143,'pbkdf2_sha256$216000$BdLfpvRJzysk$rpdNJyQSNHY77jUGaMaXA7/cKqvL9KNnsyHpZb+t05s=',NULL,0,'0422@api.kr','',1,0),(144,'pbkdf2_sha256$216000$pUZs97KvN0V1$Yqbnm4TcF0VTrgE2GiSoxTLcwIDO/q/QLE9f1uIA1Xk=',NULL,0,'0423@api.kr','',1,0),(145,'pbkdf2_sha256$216000$fmWW61Kkpo2C$g/fW2KnUYtIGJTY5iHbldklYlEPvNXn+QXqWZaVVl7k=',NULL,0,'0424@api.kr','',1,0),(146,'pbkdf2_sha256$216000$ryNbufNl1dso$v+Wv/vwNJY5mkNvGep0wupdfC5phSSq68cLEAy/lsPw=',NULL,0,'0425@api.kr','',1,0),(147,'pbkdf2_sha256$216000$GMiRRa227fyU$7+NfGZ+95mNcfKd3XIHqR8gPx08V3Rs+HMJ1E0lUyuo=',NULL,0,'0426@api.kr','',1,0),(148,'pbkdf2_sha256$216000$0RIEEZVVIuIu$y8Ub0sDKtOTWICkJTTizzkj4cg39FhFlvaTOvedJncM=',NULL,0,'0427@api.kr','',1,0),(149,'pbkdf2_sha256$216000$mZzfKzjh6k5i$IwojD2/NQvtLaF57e6ULfUu9tzxTO4jOLUZOI4Y5afg=',NULL,0,'0428@api.kr','',1,0),(150,'pbkdf2_sha256$216000$wYCG9IpEoFiJ$Xsu43/Up4d4r62JQsdB9teJJmLXLDXGGGpBYR203E3Q=',NULL,0,'0429@api.kr','',1,0),(151,'pbkdf2_sha256$216000$q1HQASeYNubm$+iZXAUljBqcWmW3LiF3xdX+7YahKo74ewH2S7PjSD7Y=',NULL,0,'0430@api.kr','',1,0),(152,'pbkdf2_sha256$216000$tiziG0j3l7YL$4itMGcatSsNP4t0XNdQ3vaNqI8GJBm5meGa9EpX7JhY=',NULL,0,'0431@api.kr','',1,0),(153,'pbkdf2_sha256$216000$0YSJWZi6Mkhk$jzW64SYGqUWxi+1hbFqYCny70RD1qilcrNF92dBsITs=',NULL,0,'0432@api.kr','',1,0),(154,'pbkdf2_sha256$216000$nrZdoWhioi8S$wJLrNZ2MOAT/cITG9ewHvaHv2FsCeuTWwh+g1eLJleM=',NULL,0,'0433@api.kr','',1,0),(155,'pbkdf2_sha256$216000$67VwwC5iqSRi$5ra24yLQZ3f7CXRRHsZRYFSuWxq1tUNLlnnUl0OwfVI=',NULL,0,'0434@api.kr','',1,0),(156,'pbkdf2_sha256$216000$XGV1OTTYQsED$asVxaNfNn0Es+qw7SurGebCs4gaLYlt937BF6U4A0mc=',NULL,0,'0435@api.kr','',1,0),(157,'pbkdf2_sha256$216000$FsfsE4kzoQyg$eirW2Cdts4vq50Os5WcolJE0aZ1b5+lpjIc8GDg71KQ=',NULL,0,'0436@api.kr','',1,0),(158,'pbkdf2_sha256$216000$cVEa5xfzZz34$xaHwedOzW1kOuCcc+50N87BoaZVc9iQEYKFMomeFFQg=',NULL,0,'0437@api.kr','',1,0),(159,'pbkdf2_sha256$216000$zpR4V6wZYEc8$41iW8r7OitcZ2aytlm9sCJySDkTF3NKtYSTBC5NHw3Y=',NULL,0,'0438@api.kr','',1,0),(160,'pbkdf2_sha256$216000$IuUN905nsVqZ$B1SD8xOwzdZ5nXimgVjqIUTD6f6TqzQiOordyl2bN4Q=',NULL,0,'0439@api.kr','',1,0),(161,'pbkdf2_sha256$216000$CkegjffVixYh$AbAyAr3/PsNi9VC5UApuqgcbx8s038EfTP6PlIU3U7c=',NULL,0,'0440@api.kr','',1,0),(162,'pbkdf2_sha256$216000$oJFzv8YXRFAL$8nVnvAjtPrSXFEoEYuwBY9X9WN2zbDGzLMq50XMnZNw=',NULL,0,'0501@api.kr','',1,0),(163,'pbkdf2_sha256$216000$EUvxyqwZiX8k$/i7nNrFfzxf1qjYvhmy1pt4Y3hvzeL72M0o5gVlW56E=',NULL,0,'0502@api.kr','',1,0),(164,'pbkdf2_sha256$216000$MQhHNRS6dRVk$eBPkd/pgvBJEjTrHrEnbFDzSwnPxBLrWdrawRV7hm1Y=',NULL,0,'0503@api.kr','',1,0),(165,'pbkdf2_sha256$216000$P0Vqm7DitW97$RIGQb9Kkev9zBYR9e4ivM6jT5I4JoMUUs404Y5YwBKA=',NULL,0,'0504@api.kr','',1,0),(166,'pbkdf2_sha256$216000$3luzbPDNSC9Q$hSJopikCCxdxTkiAYdGAi9Xb4Sy6rtTHvZHXaD/8sCM=',NULL,0,'0505@api.kr','',1,0),(167,'pbkdf2_sha256$216000$iu7SWhiVxmDf$HGrAptpK8+TWqX+ra7bnWra1kn0tHO5j/l4iadFzdT4=',NULL,0,'0506@api.kr','',1,0),(168,'pbkdf2_sha256$216000$dPyUBSKwen2h$QIj5QaPCXk6x4oL5AocGdslmzYRKlGdzW7hmNJxikvM=',NULL,0,'0507@api.kr','',1,0),(169,'pbkdf2_sha256$216000$J9q5EjRwIFsI$y6NzgWgDnkJCrx58qIPpNW17oZzDwNKo3F9dX/nqH4w=',NULL,0,'0508@api.kr','',1,0),(170,'pbkdf2_sha256$216000$9XsYo3AejBhR$ACGVZlGKmEjOLQjMS2rMamGzVV0pN4KjeDsKy4ZrEJs=',NULL,0,'0509@api.kr','',1,0),(171,'pbkdf2_sha256$216000$qSpnXZ8YV9YK$z+BDhtHKVnKOdqtlqLLiFh3lneUBu7py+ySO+azfszQ=',NULL,0,'0510@api.kr','',1,0),(172,'pbkdf2_sha256$216000$nX4OBGhINxW7$2tDMuS55cfylF65evU1NcVcblCbDG/meWLccgA8+sAo=',NULL,0,'0511@api.kr','',1,0),(173,'pbkdf2_sha256$216000$5KA8BzJtrtwp$NCCruvyZMf2mb2hXcrWBhOnWsGwAXKQlCydwyhtm/jc=',NULL,0,'0512@api.kr','',1,0),(174,'pbkdf2_sha256$216000$zQC7GzfV46og$aeO/XSokUb4ZL17nGGF2z8dQwDO5B+k1yUCwz0hodLQ=',NULL,0,'0513@api.kr','',1,0),(175,'pbkdf2_sha256$216000$MkjwDjaClnr5$j3wX8paYJfhCYr/UpduSMtEs/EJKlpINrehlAmIeSzo=',NULL,0,'0514@api.kr','',1,0),(176,'pbkdf2_sha256$216000$gLva6jQ5MutC$DEv8YdR0iBHZh2dgXKRTtGNvxGpr4i+vgCoptgVbEFY=',NULL,0,'0515@api.kr','',1,0),(177,'pbkdf2_sha256$216000$bG5tZn8nbz6L$v2IU9SpciqKODhjhf3Q3tmTuPfA8PutnD61+vvuWmUo=',NULL,0,'0516@api.kr','',1,0),(178,'pbkdf2_sha256$216000$SxgRQULpDovp$TZWDsBhJKJyL/sDg3MRSnnvc3WLKkJ/mN7ZX9cNYWK8=',NULL,0,'0517@api.kr','',1,0),(179,'pbkdf2_sha256$216000$tadd290F3gKZ$DUO6B+q1XPQmNdPgHfcfyiGMxLQdUyjGzpm83gDmYOs=',NULL,0,'0518@api.kr','',1,0),(180,'pbkdf2_sha256$216000$UoDB3Smsbfoc$325QAr/IqyW2SnsBDIeHdkyYKwVDF3RhBZrNYkX+rYE=',NULL,0,'0519@api.kr','',1,0),(181,'pbkdf2_sha256$216000$NcrXObhVi7Dz$UFj6clfTly/WsmTnvKJyuxG4dmRk9ZscQ9/nJJPifkM=',NULL,0,'0520@api.kr','',1,0),(182,'pbkdf2_sha256$216000$oxZC75L508G4$2qmDgWbxuFFaCe9YI3veIxlWDMnJJ/FAZDJ3X2A9KKY=',NULL,0,'0521@api.kr','',1,0),(183,'pbkdf2_sha256$216000$Ky0rZV4olqiS$cIljueO4N8czfXG0Vwh5xaotJIyK95Dmp0TV8IXXu/Q=',NULL,0,'0522@api.kr','',1,0),(184,'pbkdf2_sha256$216000$GPJ1l50gmhWU$9+D7B2zKZaun42hnsR/qghtX9nuchEpm73HTUOYLVlg=',NULL,0,'0523@api.kr','',1,0),(185,'pbkdf2_sha256$216000$uTs6dJ6gtSGh$D3pPFkRKZILuQMqFO/k7w+qwZ6MmrzwxJhp+JQEoTcc=',NULL,0,'0524@api.kr','',1,0),(186,'pbkdf2_sha256$216000$n5G4sMseaXiz$XkMoxNDzM63QdIjCzJYB0fkd60avzcYe7HSMEa7aCGg=',NULL,0,'0525@api.kr','',1,0),(187,'pbkdf2_sha256$216000$uahVnG7VePuM$d6LoBEBHVLqbtul9YMpZTmVY2DVo2Rpmx0OSt57W9io=',NULL,0,'0526@api.kr','',1,0),(188,'pbkdf2_sha256$216000$yIzaLAJjlSST$Ec0fN/UxDUWlaN41NXPfE1h6IpS4WuovTAoSbggRnl4=',NULL,0,'0527@api.kr','',1,0),(189,'pbkdf2_sha256$216000$3tcpQ5lHXTQV$biroM5xcYS9/3nK1PLO7D+iaSAYu68IeN1o9dOcA/xc=',NULL,0,'0528@api.kr','',1,0),(190,'pbkdf2_sha256$216000$u7ljK4Pn4lTI$9iDwTTGVrhaCEbThhftTzD7NcnqLqH2qrFZVGloeyw4=',NULL,0,'0529@api.kr','',1,0),(191,'pbkdf2_sha256$216000$mdD67wBBl4Bl$n7rRHk4fAdK1lBgkVgbSipM4ouqNYZSuuIQdYK1o6CY=',NULL,0,'0530@api.kr','',1,0),(192,'pbkdf2_sha256$216000$MsoVvREz38cr$SiWLtk3BT05dfx3wXgRa3XJcnjo67/QWz7Zc6EHpHa0=',NULL,0,'0531@api.kr','',1,0),(193,'pbkdf2_sha256$216000$3LUQILfHKrZw$i2iCnWknzRe+ggMJOG02kz944xKFmQr3fVUNzW76GWk=',NULL,0,'0532@api.kr','',1,0),(194,'pbkdf2_sha256$216000$GDXMmt4mxRei$VLQpG/zMGX/FLzjYTU1l7FAR/F753vlhDR6ZiQTYrVE=',NULL,0,'0533@api.kr','',1,0),(195,'pbkdf2_sha256$216000$A7EVz9nKa11Y$hS45svaXgPsnmPhgBs2wcMgG4rW0y7hcNErltyapc+U=',NULL,0,'0534@api.kr','',1,0),(196,'pbkdf2_sha256$216000$QUD43TUYRleR$2f3rwWJMrGvG39qFo7J/GMEKxWgITYOh4lanNqpq3lE=',NULL,0,'0535@api.kr','',1,0),(197,'pbkdf2_sha256$216000$srgdQeu9Eryq$pkVWl5ceX+MYKMHiOK2gFGzAfwPU/OirXpUHaNm+RbE=',NULL,0,'0536@api.kr','',1,0),(198,'pbkdf2_sha256$216000$KonCHjltwDXr$ffwcK82cE1Z6di3xA3KSi8Hq9j1IA91+Qz1XnnWF0XY=',NULL,0,'0537@api.kr','',1,0),(199,'pbkdf2_sha256$216000$WDMOG5ToWOFd$+FgvC5YdADsSF1yspnuNs3DdMPz3XTpW5OzWnKORBvY=',NULL,0,'0538@api.kr','',1,0),(200,'pbkdf2_sha256$216000$H7W38KGpDENh$/6glTq4yal50o2qFhPuSNpboPCp5qhXPItHfbl65A+g=',NULL,0,'0539@api.kr','',1,0),(201,'pbkdf2_sha256$216000$ywy0DXXeaF2N$AMJtGoPB7hSKHXbGyqI9HZE8uTussbVu+p0qy7m347k=',NULL,0,'0540@api.kr','',1,0),(202,'pbkdf2_sha256$216000$XBJCajxNGZki$Zlx3iVUOKHlyx4ncB9F3UoMoyvBMtPmLtrJW67j8Uco=',NULL,0,'0601@api.kr','',1,0),(203,'pbkdf2_sha256$216000$nIDAFCyDWVf3$euicWdrYpe1C9LBTSQb7o7hnmuSKXd/i7JNb83FugbA=',NULL,0,'0602@api.kr','',1,0),(204,'pbkdf2_sha256$216000$4wG2pRgU60YN$DDTqAiJ9Da733lsT+oRwHzgOdjrGM+HbzjerJ/IwUa0=',NULL,0,'0603@api.kr','',1,0),(205,'pbkdf2_sha256$216000$5pSapbjwFQeH$pTBPdwGW2+XdfhnW+hByIOw1QGgy7CdNnah0JrTOkxw=',NULL,0,'0604@api.kr','',1,0),(206,'pbkdf2_sha256$216000$7CZHWnVIdrGr$19zbzphdFzHZZrsCA3XX+yAcgVV7CaKFnuOUu6vlv/k=',NULL,0,'0605@api.kr','',1,0),(207,'pbkdf2_sha256$216000$FPrSQQ2Lq2BB$uDYvsozujomYYNVi2pGUc0+D8mKuCXhJJyGuAhQgry8=',NULL,0,'0606@api.kr','',1,0),(208,'pbkdf2_sha256$216000$okrWk5zBZrLA$U5cpj8AR2BPMp+NV8QW1pcpyGgx2JiM9Te4xM34eaek=',NULL,0,'0607@api.kr','',1,0),(209,'pbkdf2_sha256$216000$t7D799dQ9QcU$dXH9AiAec/s8kz4I0fIW49Yl2VYz6tGkVLIyx8DHF8A=',NULL,0,'0608@api.kr','',1,0),(210,'pbkdf2_sha256$216000$2WPrr7oIZ1mz$X03ICL88ENd+akD6QihlnAUGJAvnPaiP04/VKTVlfR4=',NULL,0,'0609@api.kr','',1,0),(211,'pbkdf2_sha256$216000$jhHDw37cLtz2$9CFuqmpVfOc/PBN+HUJpsRZ+2Ctb5EcVs+CexXLBsIE=',NULL,0,'0610@api.kr','',1,0),(212,'pbkdf2_sha256$216000$m0bwoi3GaKqH$reJc5FkAhRPBiaiBI5f9ApJ4q/l3cd4UvU+9qK6/IOc=',NULL,0,'0611@api.kr','',1,0),(213,'pbkdf2_sha256$216000$zL7D2ofyC4a8$+CrcgqY+TO2nq6Vfw5or4mw+mdlS7r/xyiWz0P1z21o=',NULL,0,'0612@api.kr','',1,0),(214,'pbkdf2_sha256$216000$E1sIG1PYbJsw$pW5YkFfZe66oF6qAlJ/KP8pyDkUEHj1BUXsWlVc595Q=',NULL,0,'0613@api.kr','',1,0),(215,'pbkdf2_sha256$216000$6Mv0hASJuBL6$YdoKVkSZIZt0O6Kv/VgNo+SaF0igyt4g68mBaeeD2rQ=',NULL,0,'0614@api.kr','',1,0),(216,'pbkdf2_sha256$216000$1ZuTX2KcKexo$FzExZMkNDemYXoHQW3FZg38/3dp/Kq4sE52C+18iIG8=',NULL,0,'0615@api.kr','',1,0),(217,'pbkdf2_sha256$216000$PUFbjIipMaN1$4Lqe9zie2tt75IbXdPYZqMeICKv/OPZU+Q0qnKNkzFc=',NULL,0,'0616@api.kr','',1,0),(218,'pbkdf2_sha256$216000$iJakA4aYJXC1$dJ4qTgB+O7RWgP62Y1lk4bCTlyH4O7gDhMOOTEOqn+k=',NULL,0,'0617@api.kr','',1,0),(219,'pbkdf2_sha256$216000$Y7CeYPQYoMj9$NUwNhvzN6aTqGx28PxRC+q8dnhfIdgyQQ1lEG4MRG44=',NULL,0,'0618@api.kr','',1,0),(220,'pbkdf2_sha256$216000$2RlW22vNTndB$cBjK8wJGjzEqddt7JgTD/NwoeXUXNIWwGsNiFlP0VeY=',NULL,0,'0619@api.kr','',1,0),(221,'pbkdf2_sha256$216000$8yL7ykVro2I4$MO9tq8MQZ84js/St2mhkzebh14ePsGxD62bP7K9IWo0=',NULL,0,'0620@api.kr','',1,0),(222,'pbkdf2_sha256$216000$OauMmgU3tfD8$0d+COO8tbTNoWvLeg+ltCdMH+gAwlZeyHwp+K8QEcxk=',NULL,0,'0621@api.kr','',1,0),(223,'pbkdf2_sha256$216000$01eRcEwOEKmf$vDztDkC/8BnbuNZ4vCSg71qSL2wEG37ma5GIeb1mFAo=',NULL,0,'0622@api.kr','',1,0),(224,'pbkdf2_sha256$216000$rLArE7rIRZ6J$+fBN6HM5fhaU4u/YBrr/L5H5B+xzC0HjFsVudYjJarE=',NULL,0,'0623@api.kr','',1,0),(225,'pbkdf2_sha256$216000$cgmNQPYfd2Jx$C50GVzT1GtS5cW+w52bT2BA69VvcNVsIBpQNKGaCNcI=',NULL,0,'0624@api.kr','',1,0),(226,'pbkdf2_sha256$216000$zglA3s8S4mal$YpKsf0SeR8c0kA6Bz3W0lfbShyDmq9r1Hsp9OOG9eg8=',NULL,0,'0625@api.kr','',1,0),(227,'pbkdf2_sha256$216000$fY8pEwmgJ2Nj$R67QgzGbH4pOyZSFKefPIzi+tuoPkYxGIep+gMV+sdU=',NULL,0,'0626@api.kr','',1,0),(228,'pbkdf2_sha256$216000$Tw77kRZQXPbe$txp7QSFiwvROAvj7Wcwbs55rXpMC5MBcwEDLkTwXQxU=',NULL,0,'0627@api.kr','',1,0),(229,'pbkdf2_sha256$216000$U2ZqTiTseWAc$FMD3Wqqgnh/jWLt8AZ6sltckqf1Pl0pb9IeJoA7o95g=',NULL,0,'0628@api.kr','',1,0),(230,'pbkdf2_sha256$216000$ruJB11isjBIJ$+T5R8KWxYhbQpAMd3rn89oohF4rabkac9iIFI9XL1UI=',NULL,0,'0629@api.kr','',1,0),(231,'pbkdf2_sha256$216000$jq6J1CMq7R7n$TSblhf1RYXwWnTihleLsl34Po9xB8ezSNDUTs5PZ3Zg=',NULL,0,'0630@api.kr','',1,0),(232,'pbkdf2_sha256$216000$rQ4A5C9yP1bm$P0E1a0gMXZFIa4cOTzXRX091f2zMGhLQvTYJKc+D+18=',NULL,0,'0631@api.kr','',1,0),(233,'pbkdf2_sha256$216000$qWdilei3wj8W$Tcf6yC0Q6Uz2VdjJrMNY51x0me8CKPv1DDLKuf8YJPE=',NULL,0,'0632@api.kr','',1,0),(234,'pbkdf2_sha256$216000$ZcEGke15MoPl$2Fke6PbN9Rtf3i5kbdcOnok1EkTDipd0VYd6VSoBGdE=',NULL,0,'0633@api.kr','',1,0),(235,'pbkdf2_sha256$216000$JAhOc5L90Oun$bmBwoPEQu8k2S9/YZn4BEdmavuGDFUMiCrgchx/g4mg=',NULL,0,'0634@api.kr','',1,0),(236,'pbkdf2_sha256$216000$SQMfjE0dQKP0$28yFI63vIuAjAWAfuUsncHSNky1nG1daYxmatSYdD8s=',NULL,0,'0635@api.kr','',1,0),(237,'pbkdf2_sha256$216000$0fuvBQquMui5$IN8udCwbAr2ZAy2YbhtwIZchtM0HP2GEA+VatvD1AjY=',NULL,0,'0636@api.kr','',1,0),(238,'pbkdf2_sha256$216000$pVbnPr7CIVVS$7/8uvV9zxMzY29+sHEDlDUqf0QXJbRlb6AVIz4p1s6k=',NULL,0,'0637@api.kr','',1,0),(239,'pbkdf2_sha256$216000$GthuJTsRY0tm$ujXjHLTOBwl/zJoP7GO8xNCyA60yWqlfGvTcob5gJVs=',NULL,0,'0638@api.kr','',1,0),(240,'pbkdf2_sha256$216000$sGCQHU91yXPP$qXoMdmMXrdAFEXv8lLFSlDGKYHB95lEDn0a7zeGT0LM=',NULL,0,'0639@api.kr','',1,0),(241,'pbkdf2_sha256$216000$qDCvhIG6wvep$a9dCGKyihjxqshGbpCoCBuGl4SwABsg0ZBVv6rjfsoA=',NULL,0,'0640@api.kr','',1,0),(242,'pbkdf2_sha256$216000$biMQ7bq4Ura5$yOttxnK8YPawzYGw9k+v8hs/gNhTlGHFurRr0/KBEyk=',NULL,0,'0701@api.kr','',1,0),(243,'pbkdf2_sha256$216000$6gacDIkaI3ig$7uEyCXfEk8zev9uwZ22J12K1YCFBF+lCdp/NIg+URPU=',NULL,0,'0702@api.kr','',1,0),(244,'pbkdf2_sha256$216000$5vpUYQEkywvK$nTAmusD4pKUCjpInNjkkRMTriyjYNdPxs9KN8X7Je6A=',NULL,0,'0703@api.kr','',1,0),(245,'pbkdf2_sha256$216000$2InfHAKzVOb0$h+p2LOQSpwvwmbS4TTsMoAa22AXnOoXiduu3xppznb4=',NULL,0,'0704@api.kr','',1,0),(246,'pbkdf2_sha256$216000$ONALniIbbLeo$gDslXmEtGP8WHWh4W1C9k9XroeHjNYFNBKgVwzxcSPI=',NULL,0,'0705@api.kr','',1,0),(247,'pbkdf2_sha256$216000$0EaqarRFTuBJ$1CTOjs4nffH5CyS+y5Q3HvthlKkB64W1uJ2Wxy70KaU=',NULL,0,'0706@api.kr','',1,0),(248,'pbkdf2_sha256$216000$3dJT66CpG280$FF+bLWQNdDGCHnDyqxsc/mm+f2aiYwcBATPH5FeRHqY=',NULL,0,'0707@api.kr','',1,0),(249,'pbkdf2_sha256$216000$8IUNK77ahc9H$jjWgHFjeG0TVoRJFIgv/+W5fN6GzeLMYFhj1YNwVAKY=',NULL,0,'0708@api.kr','',1,0),(250,'pbkdf2_sha256$216000$zKmBThW9go3E$d463bj4GvcR2ejqTs+pLgGjsP/FWslFadzFgdjo3uC0=',NULL,0,'0709@api.kr','',1,0),(251,'pbkdf2_sha256$216000$7xr0l27FGkKd$JgOpMjWnLzk5N4YGQPH6UHsnuC8+WoQH2zNz8WgYC8k=',NULL,0,'0710@api.kr','',1,0),(252,'pbkdf2_sha256$216000$nU15EK9XYu5E$779lD7pAtS7r9wmGZ0fqmvPRnkvNUjoE0jTgTjNlPbU=',NULL,0,'0711@api.kr','',1,0),(253,'pbkdf2_sha256$216000$LG0LMRAPTXFF$b9uBcMbVtz5+P1GF3orRJlbxlChk3/Z1udTNvJNux2Y=',NULL,0,'0712@api.kr','',1,0),(254,'pbkdf2_sha256$216000$U3nKndVJcf0i$03vXX3er03jqCJLt9mdnJXNi6STSba4TkZYDVr4Q7gw=',NULL,0,'0713@api.kr','',1,0),(255,'pbkdf2_sha256$216000$RjXURg9jGnPU$4fmViPB7SO882dFk+zMdD2xoh7U/PwdS9cP2Oj0tDkM=',NULL,0,'0714@api.kr','',1,0),(256,'pbkdf2_sha256$216000$FrozQZn1QwmR$tTR3C60zi3daCelAgtpBeiJj6cLyzFdQMYBUmJtqZTY=',NULL,0,'0715@api.kr','',1,0),(257,'pbkdf2_sha256$216000$foniunSX1SZh$UeYl3g+R0jp8OonNWdv6w7C0pClV3vtTjoFTZZeYB0s=',NULL,0,'0716@api.kr','',1,0),(258,'pbkdf2_sha256$216000$5hQhqjlGQdO8$xr0EUSC79ftPxxqF+GtgLVvwTeh3mjMADfpP9cHbE1Q=',NULL,0,'0717@api.kr','',1,0),(259,'pbkdf2_sha256$216000$aqXYDb1phKdA$pd3FeE3bfKH9BH+vsWq1xdOlZ9aCr7e5WVswIQtugRU=',NULL,0,'0718@api.kr','',1,0),(260,'pbkdf2_sha256$216000$FQ0I19hRy0ni$EYD/w2slgsYB6dHoWkCOn6leGT1GksHoLngdpciyb0E=',NULL,0,'0719@api.kr','',1,0),(261,'pbkdf2_sha256$216000$lHszogg5JSOT$SCynIn4WJ+xl6rskhAT7vV+maARwHkRv1AyVURQFvF0=',NULL,0,'0720@api.kr','',1,0),(262,'pbkdf2_sha256$216000$nlJ3O1aXSEFw$c92Nv8U2S3vVDPriHb+fe6NuZFIR7P8lfmnDzxOFBuI=',NULL,0,'0721@api.kr','',1,0),(263,'pbkdf2_sha256$216000$GVKoRzPzleM1$cWlHD20xJeWPj/4jVNH5FkI5O3wxoI1LBd1KQq945vw=',NULL,0,'0722@api.kr','',1,0),(264,'pbkdf2_sha256$216000$V4FsGDcx5JoM$151B34xHM7/ZoFDlt61VAeaT+aOkdF0un86qyD+Nv/Y=',NULL,0,'0723@api.kr','',1,0),(265,'pbkdf2_sha256$216000$pHsEjanBYvIG$mQ7kN7Weu62ufiW/AE02+FId7PZ/86gEeFwVXMZhVmM=',NULL,0,'0724@api.kr','',1,0),(266,'pbkdf2_sha256$216000$vbrFeBGBrgJu$+f/+geAH6/FzV5Mmk2nwMLNd9+BjgNgY2BbEujmm+6U=',NULL,0,'0725@api.kr','',1,0),(267,'pbkdf2_sha256$216000$9ISIy4sztt6r$dLoCFHZVVh+34Dhu+aaK5KuYkhIV8tngDJ5wLFz7Ii4=',NULL,0,'0726@api.kr','',1,0),(268,'pbkdf2_sha256$216000$XrQD2yrTDvPH$6uHpVeObVhSv3+g8yn6Bzy+mb2K25YKFb5JHcMLjLn0=',NULL,0,'0727@api.kr','',1,0),(269,'pbkdf2_sha256$216000$e80TiTx8ecsR$tVAnA4CZml/eXCWamzsR/Ydj/Cltgla1izJYb4jbchY=',NULL,0,'0728@api.kr','',1,0),(270,'pbkdf2_sha256$216000$kG3pQzlzwXFb$ikFIebR39ztYKwOKAdP+MMJjBtJaFY+/ffAf5PKFLdI=',NULL,0,'0729@api.kr','',1,0),(271,'pbkdf2_sha256$216000$8e0yFfuzsypD$RD7i5St4oksMwFJh3y9sZccan6ArC016Bw4i19hsoUg=',NULL,0,'0730@api.kr','',1,0),(272,'pbkdf2_sha256$216000$D6zjkNu3y0Fx$WXwKeYJcRAYsQHuZ67WYstqSK4YqaYocAONPPRBXQ5w=',NULL,0,'0731@api.kr','',1,0),(273,'pbkdf2_sha256$216000$Iypeeuoux0Bi$gQ4a1vkQolwL7bvFVTqN/C5EZT3e+/Cfkvg2gzYxZgA=',NULL,0,'0732@api.kr','',1,0),(274,'pbkdf2_sha256$216000$9kNt9o4jeLCy$tY8jw0JNeBYqByO/OpdRPJOe8L2a0SnEQL7FhS84zbY=',NULL,0,'0733@api.kr','',1,0),(275,'pbkdf2_sha256$216000$EqzvbNfBepEA$ZbSK0bmQOHdg0JKcJL/Ks7hwJIMAmSPIY8BXHJH/eUc=',NULL,0,'0734@api.kr','',1,0),(276,'pbkdf2_sha256$216000$1kVkujj8zmqL$gpQbQbtn+ReVIw34+yJ1hKFvNg2iI8jMGnfnFsqMBO8=',NULL,0,'0735@api.kr','',1,0),(277,'pbkdf2_sha256$216000$vDwUB8LtvfyC$dWJyDL/eTqmclvKr4BU46LWjbPq4/VGfoDyeMuuN0Kw=',NULL,0,'0736@api.kr','',1,0),(278,'pbkdf2_sha256$216000$Wb5SBIg0IpXB$EkyBl4Byd9Ei2MZyuNjLLd2Ffy7DJ2V+b+jXfc5a5Jk=',NULL,0,'0737@api.kr','',1,0),(279,'pbkdf2_sha256$216000$D0udOmf8ZeHp$iwCcD+TPUJV1rEP9+LLXL5Xs57GKZ32/UDtJttiCBuU=',NULL,0,'0738@api.kr','',1,0),(280,'pbkdf2_sha256$216000$OX8Qg0ixGQoD$mD4iRaKS3pVAaBol3Od0J/rHZijLzBYdG2GimzSmC2A=',NULL,0,'0739@api.kr','',1,0),(281,'pbkdf2_sha256$216000$XgStD1ZjHr9i$5hlS7a0/8tkpy8ezyBME0sIoek4FdTV8qmKNxrhG0Cs=',NULL,0,'0740@api.kr','',1,0),(282,'pbkdf2_sha256$216000$aKCDaIcO1EZQ$ZGsiZA8lNpAzb2X20qT8felLGohXYgvbQsBFJGzVDPY=',NULL,0,'0801@api.kr','',1,0),(283,'pbkdf2_sha256$216000$I2Leeqn6hT3N$R49KxxVSb6dCDYHcAO79htUvEq+vSbAptR78FlcMJus=',NULL,0,'0802@api.kr','',1,0),(284,'pbkdf2_sha256$216000$pStBt0sy8F7p$NFCz2ZzmRJvJ1OEB2tKJTxnty0wFz4rEmTy8ZQDnnik=',NULL,0,'0803@api.kr','',1,0),(285,'pbkdf2_sha256$216000$wDMfLzfTtURk$50WEbWmngMiQQcTSPlyfChxbLCjPi6hf26KF83Q6KJ4=',NULL,0,'0804@api.kr','',1,0),(286,'pbkdf2_sha256$216000$r3gw2tz19AAF$hIHrBXvjagXETDNVoSBhPQ9EuLa7siuROUfvYFWchnA=',NULL,0,'0805@api.kr','',1,0),(287,'pbkdf2_sha256$216000$ABp80TJ34CMw$lsGtkizFoTFCHGbXWV/sdOvmlZe40C6J/ZGzLlv7J5Y=',NULL,0,'0806@api.kr','',1,0),(288,'pbkdf2_sha256$216000$pitMK3e1un4q$7QtRrURX1GHmc36iKeFPjxU/lYcku5B0BI4xgHwbdNs=',NULL,0,'0807@api.kr','',1,0),(289,'pbkdf2_sha256$216000$GJafxiQpd69M$I91FM4lRQY5j7ilEq2rfiqd8FqmBLGYtUmziunr5D84=',NULL,0,'0808@api.kr','',1,0),(290,'pbkdf2_sha256$216000$243yghFwosaG$pUtK5HK+2ogi6sIjIwuI3+mxBX7yK/FTzVkZsY9cgew=',NULL,0,'0809@api.kr','',1,0),(291,'pbkdf2_sha256$216000$FHUuTG84a2FC$cfqDsfmb+SS490l8/GSVfWgBhSzETn/7p5ULmBg8w34=',NULL,0,'0810@api.kr','',1,0),(292,'pbkdf2_sha256$216000$oL50T6aGSADc$pALnH4RMUgNAXS0tJzitjIewoXRr4NYmiiLrECAdhiI=',NULL,0,'0811@api.kr','',1,0),(293,'pbkdf2_sha256$216000$nxYJufsxKRJe$xumr+SuvM1c1lboGfECANPYAypC7yzw+1FFnzDaku6U=',NULL,0,'0812@api.kr','',1,0),(294,'pbkdf2_sha256$216000$owmgOBJFuxdu$Iw6nRNB8D1vIEeA3PH3+YFd72Z7cakparJv5OcVMoa8=',NULL,0,'0813@api.kr','',1,0),(295,'pbkdf2_sha256$216000$BpMZPNv3j0vX$d61IFn/yzB+Pd+sJsnqkLGZhZsMCD9MsNCxtPAQC9rA=',NULL,0,'0814@api.kr','',1,0),(296,'pbkdf2_sha256$216000$OcTfSdxkagmC$9dAA61dOmwW87uY8JulLeIjuBbS2LvTklmxZBJeNxzw=',NULL,0,'0815@api.kr','',1,0),(297,'pbkdf2_sha256$216000$Fjhh3fo8abTi$w+wdqDcmbc71z6R9Hhbkun1z2mDBs4HwiS7RtLK+2jM=',NULL,0,'0816@api.kr','',1,0),(298,'pbkdf2_sha256$216000$oYYbMWgcrLE1$UHPE1li9FmmC9EqA1v2xb8RNucHsiqbInDJ9OW10nFk=',NULL,0,'0817@api.kr','',1,0),(299,'pbkdf2_sha256$216000$YWc7KBAtLW5i$BGWt8A0uvdlTJtG44UtJOiQYj6OifW+zR6ntu+SyPKc=',NULL,0,'0818@api.kr','',1,0),(300,'pbkdf2_sha256$216000$fs5hm9KPpy0b$U9PVLAof0f5Ig2siL9+5jWo4HjVcrnoytTXTf4V/gTI=',NULL,0,'0819@api.kr','',1,0),(301,'pbkdf2_sha256$216000$y8KnkBEL2VKx$psNMiPH3QZgfxqrjd6UJvsZ07h+Lv3G2smrhn9DlnFA=',NULL,0,'0820@api.kr','',1,0),(302,'pbkdf2_sha256$216000$RTtyKZmJZ5xD$rLNwpDV6aIr7zkJxeh47HFFp9FHk686BH0aX5pUuBAQ=',NULL,0,'0821@api.kr','',1,0),(303,'pbkdf2_sha256$216000$KY7RDVcfC21c$UYRbZx2s7ZnIjH2HOmG3WFg3p17sYNRG4OnAS809xgQ=',NULL,0,'0822@api.kr','',1,0),(304,'pbkdf2_sha256$216000$Ms4mbdoaibug$XnKDq3Ie9ndCqnLkPpR3lXLWccYJg1DdxcllwAl3Xwo=',NULL,0,'0823@api.kr','',1,0),(305,'pbkdf2_sha256$216000$wZb9Ea9wtqyZ$8gB4jKKqr7rdTyuZJIhuZq/UG1+1CBLW5vZDjyCgKdo=',NULL,0,'0824@api.kr','',1,0),(306,'pbkdf2_sha256$216000$7JXSIFA6ln5g$wBaPGjeJcSa/pJPmS6zZ19jPR3xvAYvAu3T2ZoD2Z2A=',NULL,0,'0825@api.kr','',1,0),(307,'pbkdf2_sha256$216000$YfX1tUkwgfsb$sNYqsLynPS21371aDm0GvQZz8CsHOhjyqlxmV+xnH5Q=',NULL,0,'0826@api.kr','',1,0),(308,'pbkdf2_sha256$216000$S0EPLvUJvyrb$+w2vC/mRjgyhRQhyabWC4OB0icZwMJzgj1T8T4nCuGo=',NULL,0,'0827@api.kr','',1,0),(309,'pbkdf2_sha256$216000$gKAWrC07PJVK$DVxWwo24OEMbsMLx4wYDAq+uuLZUSYIwj5vKNh+0uKs=',NULL,0,'0828@api.kr','',1,0),(310,'pbkdf2_sha256$216000$5VlbJlbRrCdo$2PfveAPbHFHKIwnlrcJ37Td7jJLQe16m3MmBJTwkR70=',NULL,0,'0829@api.kr','',1,0),(311,'pbkdf2_sha256$216000$Z8AWf447Q2hm$I9nDSG2ahdyxuOugBzYaQ5v65aINF8zTXC66mZ07NEQ=',NULL,0,'0830@api.kr','',1,0),(312,'pbkdf2_sha256$216000$tuAhNVoebhXY$ddwkGLGqklX/n5PAKDiF7Q5h6WlbahQa+FHfnltuzeU=',NULL,0,'0831@api.kr','',1,0),(313,'pbkdf2_sha256$216000$zndGB8lPkDMz$pDHigaRDm7hVpEOQydzf4jNMnydwUvVAV4CTiJl/gTk=',NULL,0,'0832@api.kr','',1,0),(314,'pbkdf2_sha256$216000$Hn1q4bhSoQZT$u2RnOeVSKofQPRzsxPezKYtBjINVgt3Jzmytwojz4e4=',NULL,0,'0833@api.kr','',1,0),(315,'pbkdf2_sha256$216000$FH21fjjFdJKt$lkvY/pIfHoFd7B2ZLBoT7d7rx61eSNKXfdE2eIUp6fE=',NULL,0,'0834@api.kr','',1,0),(316,'pbkdf2_sha256$216000$znyupayAmDV4$c6PDbPOPyCmToqhlxnqz7nPaZjzZsjbuIsM69A/QBGc=',NULL,0,'0835@api.kr','',1,0),(317,'pbkdf2_sha256$216000$SFJJagckSTKo$V54sB7dP0TF7J8hWwbrbBbiFy4U67Yjnl7Q/rmdilU0=',NULL,0,'0836@api.kr','',1,0),(318,'pbkdf2_sha256$216000$d24MyeN6Y3yY$tV9uuNLgshD+DQsJs7ZtE+DMuwCCpaCa4gxeWU05XUI=',NULL,0,'0837@api.kr','',1,0),(319,'pbkdf2_sha256$216000$GtfqPS3TIpHk$sjQtDsxraYCd1aaSHEuKETK22Cn3C1QMzAS+WN/+OkY=',NULL,0,'0838@api.kr','',1,0),(320,'pbkdf2_sha256$216000$ZBUN9212DYKC$QOX13p+/eGd+4u1xWIEMzFWdw9uXejiBGliy5Qmhbck=',NULL,0,'0839@api.kr','',1,0),(321,'pbkdf2_sha256$216000$3B8lHPeQvPd7$NLCCjl7EeahjLIj99n3KUD3J9V4UO0jd9oZd3qFeLqM=',NULL,0,'0840@api.kr','',1,0),(322,'pbkdf2_sha256$216000$mjY9d157zzut$oCuqUzC0FVzlVRMtKqLMOAr4CWxC6c8NIgz3ic/WRP4=',NULL,0,'0901@api.kr','',1,0),(323,'pbkdf2_sha256$216000$OB6vtk8rx6lv$a/SktspSWoFNz2V8pYXuXeXyITTK5zaC96WIG/fk/ps=',NULL,0,'0902@api.kr','',1,0),(324,'pbkdf2_sha256$216000$7TzBRz11QSVt$6uV8GNivAC5nYXKRvrSF4yyVux1GGfmdGd1o9HPG/Kc=',NULL,0,'0903@api.kr','',1,0),(325,'pbkdf2_sha256$216000$lB2nLjWKn2HN$wCEErTniFzuIPyyebJqSPMW5Us55sL41/PaGGUFqKZQ=',NULL,0,'0904@api.kr','',1,0),(326,'pbkdf2_sha256$216000$UZc3PFSdLDTg$X0cEKBcbEDtF2DvEaqYvC+8VuunXqzAoWR6iy0fL8bc=',NULL,0,'0905@api.kr','',1,0),(327,'pbkdf2_sha256$216000$IN54z3pEhMCM$2N15tLQD3TOCuG5K4vLR7PthgOvIsj2F3JRpWv1TFfI=',NULL,0,'0906@api.kr','',1,0),(328,'pbkdf2_sha256$216000$zQPKybidJvR8$sHEhO2grGOvCMcg2xx426joqIMAxdz4ADzxweckpg4Y=',NULL,0,'0907@api.kr','',1,0),(329,'pbkdf2_sha256$216000$CGNWYGL4JjOZ$WH9gG6r+92m6PVhchM4iIt41eFtz+ZCZY+2i+SIr5AY=',NULL,0,'0908@api.kr','',1,0),(330,'pbkdf2_sha256$216000$NEscRIvYcMBU$+DOGKF2WDRXKaBQP/25ZBZnLY4WI6Kswt6b8hUrCIks=',NULL,0,'0909@api.kr','',1,0),(331,'pbkdf2_sha256$216000$XOzn2zhOgO1y$55BHrXqh30hS7BxmzX26ia2/QVqf+xUq/rymF27gNm0=',NULL,0,'0910@api.kr','',1,0),(332,'pbkdf2_sha256$216000$sFX1PcY42bhR$lNHXwtOCFUCew/YjS53ip0uDpOwI3JRrAOuy4mvxNPk=',NULL,0,'0911@api.kr','',1,0),(333,'pbkdf2_sha256$216000$v4GTNzrkUbDf$qly+ADTeRRK6B5ITmrhsIyewHm+b169Hpgj1PLcl/tk=',NULL,0,'0912@api.kr','',1,0),(334,'pbkdf2_sha256$216000$d8HcxdQcrxbc$AClrD3+fdMDSSrGEeRKriqbRjHMNQm4IY5j0BgeLAK8=',NULL,0,'0913@api.kr','',1,0),(335,'pbkdf2_sha256$216000$OYKqPkJx8GhT$Gqzdc1pjj6cATXle8ejjk4j6VXTLG6Y2mcgc4FwcDss=',NULL,0,'0914@api.kr','',1,0),(336,'pbkdf2_sha256$216000$nMoFbeZbg0Mu$pNqu8t+r61Q9mkJ/icfAtUotwy9cdUYHKyaPRMpzaFY=',NULL,0,'0915@api.kr','',1,0),(337,'pbkdf2_sha256$216000$YRq1UXlebBqx$2V1WLsIjhk3+dO3Awnt4YjVrPSjT9dwd59TqrG1RRMY=',NULL,0,'0916@api.kr','',1,0),(338,'pbkdf2_sha256$216000$okGxXsbh9M8A$AjvE5zhKY71FArQPII0WEx8IdcFbPYJ0zDKs+e974hk=',NULL,0,'0917@api.kr','',1,0),(339,'pbkdf2_sha256$216000$Cjt5eDDRQ9qW$BLMG87jo8NIygf62KZ+QJGqZZftGlCX4rDsD9TnIkso=',NULL,0,'0918@api.kr','',1,0),(340,'pbkdf2_sha256$216000$fFyIy0hvQKqN$kMNSJLJ5BZtrN2K2HKWiMJSC7JZ9rmyxUfMm7hvY/8U=',NULL,0,'0919@api.kr','',1,0),(341,'pbkdf2_sha256$216000$rdONGbniiVqj$LlH6yl5FhZaIdVlmG2MTW3mVzCduVphVKn3TdHq47Lc=',NULL,0,'0920@api.kr','',1,0),(342,'pbkdf2_sha256$216000$2rkyRL2g1IIj$lu2L/T7NTuezTBuJ+VLJeDRkDcqrTTwv8GQ83IfWt1o=',NULL,0,'0921@api.kr','',1,0),(343,'pbkdf2_sha256$216000$xXhArfzksWF1$Sxngm+hVaXUWXTpEpnXe5PH4U7C9uc0vck5eT6BS+Vk=',NULL,0,'0922@api.kr','',1,0),(344,'pbkdf2_sha256$216000$xUbWyHdx9kJ6$1VOjwyY5AyaBJUetZJXNFwWLZ3tZs9dJURzJ34vEgkc=',NULL,0,'0923@api.kr','',1,0),(345,'pbkdf2_sha256$216000$Em1L1CFCGkEc$xB/ypNPTfrNOszmFlQEhBslojkC19ZCCQyesTlMF/t0=',NULL,0,'0924@api.kr','',1,0),(346,'pbkdf2_sha256$216000$G7tsMX4v4whn$vocu/5SqohS+WjENskf9RxGlvMy7glkM9XsNxCADV7o=',NULL,0,'0925@api.kr','',1,0),(347,'pbkdf2_sha256$216000$INr5zwrd6veC$fHuuUBXvfeOekRrswFUmGT7mIiXsK5PW8KMdi2bUoQw=',NULL,0,'0926@api.kr','',1,0),(348,'pbkdf2_sha256$216000$xhQxHn4NMANm$BdAexR7UXavXUlx0/kCW/91gMCC7rQNMIY22NqJx+BY=',NULL,0,'0927@api.kr','',1,0),(349,'pbkdf2_sha256$216000$i26uF00eq8sl$VwogTQPsYcYqwdu2v/6g3hExH9e5yhJH2fhZReFjqqE=',NULL,0,'0928@api.kr','',1,0),(350,'pbkdf2_sha256$216000$I75ccZtIlT0X$Fyg9WSFSJnw7/7tkId/voVpKJ9iAUY2e+uAu00XDyCc=',NULL,0,'0929@api.kr','',1,0),(351,'pbkdf2_sha256$216000$gAjCmY4jhrio$GmLou24j3cr1E3L3EcXzJGMIBJM/NXC9zhG3ydYG2gY=',NULL,0,'0930@api.kr','',1,0),(352,'pbkdf2_sha256$216000$BBXG7rq4IIUV$nKzHFHSKuF7eJhxNLUoID87sVbMqR/cfBKu4YW6gbw0=',NULL,0,'0931@api.kr','',1,0),(353,'pbkdf2_sha256$216000$91ddVI8VclhJ$Fxpp/xXat+4qLYsaVJ0gyBXf6vlbf5ktLwm/8HS66xk=',NULL,0,'0932@api.kr','',1,0),(354,'pbkdf2_sha256$216000$W5m2XFVLzAe3$SidQlTSlaOqhsqWhgoUD93OejUrxPPPaD2w90Ojq3jU=',NULL,0,'0933@api.kr','',1,0),(355,'pbkdf2_sha256$216000$HYPq6NieTSGT$yZ1RDDf+C5Uu90nYUlZPL/zhCmK9d2jEWWOaBgS87PY=',NULL,0,'0934@api.kr','',1,0),(356,'pbkdf2_sha256$216000$j3ZT0BLC4AQ0$GXfhrGpLRIJ4Gw2fu6mtP2T2USfivhDzs2vPZvbvbTE=',NULL,0,'0935@api.kr','',1,0),(357,'pbkdf2_sha256$216000$u0bFxCNyiROY$6BtNMh+MAw+65MNTlsjaJXVbdglw1OLX/rnOxSAcgI8=',NULL,0,'0936@api.kr','',1,0),(358,'pbkdf2_sha256$216000$tcbcBSMbSQaC$pSpz2AqT5ukGrip0J0OwvLVNJyoty6r4k7VUh1+E+Y0=',NULL,0,'0937@api.kr','',1,0),(359,'pbkdf2_sha256$216000$xO2Tx7KmUDzq$UH9qGWzs3Y4SMycufzz6bHFGebPx2p0A9rF9hKOCAM4=',NULL,0,'0938@api.kr','',1,0),(360,'pbkdf2_sha256$216000$lhQFGrdjqn1o$eyNCZOD/uBdoLtk7qsDgxFqjI/HMEd+jN8QnGPYoy44=',NULL,0,'0939@api.kr','',1,0),(361,'pbkdf2_sha256$216000$DcOwtZQybKtN$v/GoniTecEJ0TWjm4t5K4w2ruRS1mO8YI5ZbC6Qh+oY=',NULL,0,'0940@api.kr','',1,0),(362,'pbkdf2_sha256$216000$NGCRT4dOSx3l$Y9elTCIVyzdyoZ/qwdswyDAC4XZ/q0gvT3fLhZrnlf4=',NULL,0,'1001@api.kr','',1,0),(363,'pbkdf2_sha256$216000$ifLgj7OKpIDN$y2pjE+9rwtKOnEVjKZu7DfCkum4ieBqUhLxm8NKLDU8=',NULL,0,'1002@api.kr','',1,0),(364,'pbkdf2_sha256$216000$jOt1rNeGaD1H$teTg2bVae8EtEew9a5vlg8vccAMQ39TGonMX4tP6kOU=',NULL,0,'1003@api.kr','',1,0),(365,'pbkdf2_sha256$216000$ffcKCEKcw9ff$kSKzNyZoJ3WPyXL9769QLby+2lugN6nz1ksaiH2RjoY=',NULL,0,'1004@api.kr','',1,0),(366,'pbkdf2_sha256$216000$Ke2BRjvh6IEs$ScPN1izP1QGkjhBEbfvM+DAkfZmuU/9Fn+0OmRlg6xc=',NULL,0,'1005@api.kr','',1,0),(367,'pbkdf2_sha256$216000$sdGCecYEfp8Z$HcXU8XrvhVVz4r7EPd7QmL6X1CaGXZ3g5M82olO2DNM=',NULL,0,'1006@api.kr','',1,0),(368,'pbkdf2_sha256$216000$yRfcNJNnlAvj$+56KfFEjoI7LDhz+gSN8RAw4rl8/qWYlqJID1V3qj7g=',NULL,0,'1007@api.kr','',1,0),(369,'pbkdf2_sha256$216000$6ICpgTVYbtRa$GZ9DnmE+DBWbN/t3r0+1pZjXTx7jX4RsDuYycnBAJE0=',NULL,0,'1008@api.kr','',1,0),(370,'pbkdf2_sha256$216000$RK5pdGb47mKN$r8+xx6RmWpCheWZlH5OYfBOQ0iBbZYIKy9+OHevo5vA=',NULL,0,'1009@api.kr','',1,0),(371,'pbkdf2_sha256$216000$v6Bm2niaC59s$Q4dGvIXT4ewngI3qk9fxegzrQOBc6D6nGInAkSBatvA=',NULL,0,'1010@api.kr','',1,0),(372,'pbkdf2_sha256$216000$mrqqVKgrYJFr$y1jVmyRUOcOAFzx1S3/ZPNd+VdFKz2SJ7mQtWvgA+/c=',NULL,0,'1011@api.kr','',1,0),(373,'pbkdf2_sha256$216000$2VgIHMLHFkgy$QdMiH6Ha+IJton9ObcoFS+X0GdLCUSFlNqhfztr9NkA=',NULL,0,'1012@api.kr','',1,0),(374,'pbkdf2_sha256$216000$GApsdvh6yJZ7$71W+aZttkMGusBHKgiVM724fAMfKmrb/hEW2P6BI67I=',NULL,0,'1013@api.kr','',1,0),(375,'pbkdf2_sha256$216000$tdbSrTHXascT$lcmt5Df+VA1/SYtnYia8shy2dW3TCf+Um+3H0Ybbrj8=',NULL,0,'1014@api.kr','',1,0),(376,'pbkdf2_sha256$216000$YIKYAJFnn1zA$yuznEjyxzLkoakqL8dHxPNJf9Ivy7tzkoMU5KYSyyXQ=',NULL,0,'1015@api.kr','',1,0),(377,'pbkdf2_sha256$216000$hRclmHOpwcye$som9CXJ8cCgLpiKqHsApciJ8bDWz0UJXyatEcjgnPDM=',NULL,0,'1016@api.kr','',1,0),(378,'pbkdf2_sha256$216000$b9hDr8Zt1Fl1$X5zwN1TFTmtjt825RqBJJhDZOxD3mind9if+47P1C7U=',NULL,0,'1017@api.kr','',1,0),(379,'pbkdf2_sha256$216000$NzL9fOy4Jl8L$hO+3oW+jzogFWyhsMaCrrtPBqfmJTnaixtLnxwvsT+8=',NULL,0,'1018@api.kr','',1,0),(380,'pbkdf2_sha256$216000$P4UdSzNHzS4s$EDQuiLZQPSrLSsOuAlYsJrxTbuxLuAHDgtdkat/hP8w=',NULL,0,'1019@api.kr','',1,0),(381,'pbkdf2_sha256$216000$g7XCaBrLWeEo$huxbxdiBWUvhiBVE7yPK36zTNLMQ/JREONVRCEcd1lo=',NULL,0,'1020@api.kr','',1,0),(382,'pbkdf2_sha256$216000$4zIBEJ1vxeUd$PEgmMCUUQG7w84QsJvCNPSuEvwy4R0AX8HCykvmS6O0=',NULL,0,'1021@api.kr','',1,0),(383,'pbkdf2_sha256$216000$789O4C8lzHR4$lE/VLPFkY5yW/B3T3QfQY7nm00lHi8Vwra2KE7bwN/4=',NULL,0,'1022@api.kr','',1,0),(384,'pbkdf2_sha256$216000$hLoJABTBbwAH$moM+gUnTffQixzgCbdKT5r+1uGanfAUt6k4AUTmaVys=',NULL,0,'1023@api.kr','',1,0),(385,'pbkdf2_sha256$216000$mNFjlxNE8iWQ$rWnc32uYrmKa965/Yjp///f7eAfppWwqV2niu6mAKBU=',NULL,0,'1024@api.kr','',1,0),(386,'pbkdf2_sha256$216000$efozoMsi7Bng$ETzSAfcYiVGkM3Kr4GKW1ChGKy/REr/Qy/AsO00Rjjs=',NULL,0,'1025@api.kr','',1,0),(387,'pbkdf2_sha256$216000$Byy1A7q7QoBR$nhV03I6xqcebg0r0vC5ZPjk0kIwLCNI9iJByFQ0MPw4=',NULL,0,'1026@api.kr','',1,0),(388,'pbkdf2_sha256$216000$mDzWqT1erc38$0MsSOcJ7Hiv/L2kZpRjBOGwF8hNzk9G3INYpvy/q/Fg=',NULL,0,'1027@api.kr','',1,0),(389,'pbkdf2_sha256$216000$0SxNQSeOmttH$bqZ1kQawq2kYNNH3tsg/2uhZsclJ3YoHkmQBonxuNiQ=',NULL,0,'1028@api.kr','',1,0),(390,'pbkdf2_sha256$216000$GhNmLu98f9l8$GdS3w3Sbfzv1h3peInJ6sN3XRV4S7otEAy2kH8Z/3mw=',NULL,0,'1029@api.kr','',1,0),(391,'pbkdf2_sha256$216000$tuORTPgqQ5pG$TdyH3e+LCRjD4u+bMaqq7W9eXJVPX2Yg74xyiB0ZOuA=',NULL,0,'1030@api.kr','',1,0),(392,'pbkdf2_sha256$216000$6mVyOsRKhUE0$TOqVMcnnziOHvONDYX9wKWW7Ws0pg79joHREPvftsgs=',NULL,0,'1031@api.kr','',1,0),(393,'pbkdf2_sha256$216000$oDxVagim8wlb$guF/I0Yo/PwzAErq3s7ZPDnZLicAjUa2JEtAr19jTzY=',NULL,0,'1032@api.kr','',1,0),(394,'pbkdf2_sha256$216000$SZjJsX7NFKUR$K0oLO0qFgiE9ZV/Ni/wym9FWKTgm1mf4HAfgr4tWxT4=',NULL,0,'1033@api.kr','',1,0),(395,'pbkdf2_sha256$216000$YUaG9F1Y7eqM$bVLzSFLCUuNL7iLLvhbBFkjcsYqMr263f6MmKbonKgo=',NULL,0,'1034@api.kr','',1,0),(396,'pbkdf2_sha256$216000$iKJ1uva2aqDg$rXituCKNcBPmLAip/jW4d5TgBU+l4pWieztibfFupjM=',NULL,0,'1035@api.kr','',1,0),(397,'pbkdf2_sha256$216000$0Z9kBsqwdAre$it81ILVf4M11Vuh5I8lYo0nnWUjFDHSu1m9unBByazc=',NULL,0,'1036@api.kr','',1,0),(398,'pbkdf2_sha256$216000$GrA64h7XME21$Mj1EWPI+JTiBhrH4cPl89LZRcy5cVpmW23ImMGSWphI=',NULL,0,'1037@api.kr','',1,0),(399,'pbkdf2_sha256$216000$Yt85K3TA7LoV$c9Eic7Bazhk+f89hYeK2FdfuovF+Xe6Mh0eqmzJWppo=',NULL,0,'1038@api.kr','',1,0),(400,'pbkdf2_sha256$216000$MxcWnujcb5QZ$2liATv4DZOOVvcuPF5LlvveWHUCqtx1QrdaCeYDMlEA=',NULL,0,'1039@api.kr','',1,0),(401,'pbkdf2_sha256$216000$nVgqbWHCyiBD$OsgLfaDg2BzD3Sn2MFMNb5E8tkBsD3CbXHXp0al2ejE=',NULL,0,'1040@api.kr','',1,0),(402,'pbkdf2_sha256$216000$g2WwUoCIFaAc$FQrsBLPCEijpYO8A8UFaHhCVCkUiutI53l3vJbcIWDI=',NULL,0,'1101@api.kr','',1,0),(403,'pbkdf2_sha256$216000$zoi2mKf15jFC$iUzLTKHk9Z3HKhWsq+dWpuTr6rgEkD1Sci36YuuJrlE=',NULL,0,'1102@api.kr','',1,0),(404,'pbkdf2_sha256$216000$xc6aBzkdn8zn$/ZSJPAzrzdxZzg+USPVh8Cng+efaHBEUih34obUBB1g=',NULL,0,'1103@api.kr','',1,0),(405,'pbkdf2_sha256$216000$KPjbfoP8213s$lFkbgqfMaKeMlsG1czyJg1uMoO1zKM2A+OatF0NiJ2o=',NULL,0,'1104@api.kr','',1,0),(406,'pbkdf2_sha256$216000$qPFJzeUVNH8U$vJEWD2BdQFVNyogB6cpk0pv2BJs0dwcUrZ2WVn45eyk=',NULL,0,'1105@api.kr','',1,0),(407,'pbkdf2_sha256$216000$4sJFRLdt0gDB$GL9uVJUxcrDz0HFFT4V+Tq6AnZBlLLjmY+VOpUIV9hk=',NULL,0,'1106@api.kr','',1,0),(408,'pbkdf2_sha256$216000$sd8RIEnPY7Zu$LZWSSzqL7AOO0J4VxE+8LIm11pQz2W0eMlodTupmvII=',NULL,0,'1107@api.kr','',1,0),(409,'pbkdf2_sha256$216000$KauUV6h4lOvg$ksvcSTSxcs9KjmYqGQu4ZzbVO3xQIVFdzDzL6o0TsKk=',NULL,0,'1108@api.kr','',1,0),(410,'pbkdf2_sha256$216000$K6saNukdhjKa$hlp6I8bgcGgxkP7zFBdMkeNBaZ+lYpMF+pJ9JDexzFA=',NULL,0,'1109@api.kr','',1,0),(411,'pbkdf2_sha256$216000$pfKRTplSNRK2$6usis97gHffjddH1mfez951sFyAUwrExJeUKeQYG9Ts=',NULL,0,'1110@api.kr','',1,0),(412,'pbkdf2_sha256$216000$8rmciA5HPs1w$2ymyTHLHVudvK2fVeuaogaHur2CLIry2m8JV/MfLkZE=',NULL,0,'1111@api.kr','',1,0),(413,'pbkdf2_sha256$216000$ArLecBRlIQDe$7JoVlwDHvLzX1YfhbNqel7p3l0OVtzv5pu8JZ30RT3U=',NULL,0,'1112@api.kr','',1,0),(414,'pbkdf2_sha256$216000$WEys7AEHG5a3$Fo4p6tHjjEo3kU6kjsQq/DClUEDDhCTPUKANkGv1Uyo=',NULL,0,'1113@api.kr','',1,0),(415,'pbkdf2_sha256$216000$DT8c4e4KKQ4t$Shv+R+dF5IDtu9SlFiff+RgCmh6dSVgCHK3XcuI8QSk=',NULL,0,'1114@api.kr','',1,0),(416,'pbkdf2_sha256$216000$ZXiYxXQRz5sP$Imw/Tsrnbeg0Xjb7UXNGFi7tL4AFRSbSCiNLv1+DLwg=',NULL,0,'1115@api.kr','',1,0),(417,'pbkdf2_sha256$216000$1qBEYLegFfLf$auYPkWduI3DUPB3p2r5kLVB/U52crdN0mhv79PaiGyk=',NULL,0,'1116@api.kr','',1,0),(418,'pbkdf2_sha256$216000$0HdWJXvaqxkX$fU5LRM5dgji3HMBjweOEUJxfZLOSYJrjQO+x9UkF1Qc=',NULL,0,'1117@api.kr','',1,0),(419,'pbkdf2_sha256$216000$EWhap4N5rIxT$ewzHcVo1oWrmGyu919PT6MGxgZMB+9BHepQbCO8NsE0=',NULL,0,'1118@api.kr','',1,0),(420,'pbkdf2_sha256$216000$tVpWhKuVHvUG$o8/WKH22U82ci5wdGiB4TsV/BzIp71zXU9xuhcz+E1U=',NULL,0,'1119@api.kr','',1,0),(421,'pbkdf2_sha256$216000$wyzJniyPxP4K$l7oRosegvwZau+n11FkAGEju8A5dw2X/c96ZM2zzyTI=',NULL,0,'1120@api.kr','',1,0),(422,'pbkdf2_sha256$216000$6aH4Pin6nXCY$bNPR9kW9ANTWZv64jwk/+37JJ8EVwr4eh64sfN56qwA=',NULL,0,'1121@api.kr','',1,0),(423,'pbkdf2_sha256$216000$mjTFmUeczkcZ$CZ8klTQhhq5atiJpruhZ0RNp+WfFPM2+bt/3Vs3b32E=',NULL,0,'1122@api.kr','',1,0),(424,'pbkdf2_sha256$216000$5jryfxfxdiJT$2QcrSebtvwR4M9oxJzaqZrPUaRfPr5qDudEwaYlSiB4=',NULL,0,'1123@api.kr','',1,0),(425,'pbkdf2_sha256$216000$w5KdirtLbZqx$rQuwFsZ+2Ujj9YS8pLHN4hLlciEgOniVoLlCfK9+7sI=',NULL,0,'1124@api.kr','',1,0),(426,'pbkdf2_sha256$216000$0rtlh1n2yoNs$c70/rmPCB8UKpF1jOeTaXEfsKO1NXu0i2s84dUx4tdE=',NULL,0,'1125@api.kr','',1,0),(427,'pbkdf2_sha256$216000$7EatYQJu2jPf$N5MQ1aXYfVuYXBL+IGM4luE8VVHeczLFxGKJsTp1lVY=',NULL,0,'1126@api.kr','',1,0),(428,'pbkdf2_sha256$216000$Tx8jhZwij27P$nXgcSgyEnfAtg9m49cV2fV7vpoH01+xNXa0XmzBQPRw=',NULL,0,'1127@api.kr','',1,0),(429,'pbkdf2_sha256$216000$dANNTW9yn4pB$+3BU6JLbjrmVwJYvfoCklb1soFaYgK+Qlc48F5axtxA=',NULL,0,'1128@api.kr','',1,0),(430,'pbkdf2_sha256$216000$kv7j68FNgj7R$AhlTbwvw6sh/E7HHuY0rJYLcZns4dgDJcnVfUIVQciw=',NULL,0,'1129@api.kr','',1,0),(431,'pbkdf2_sha256$216000$oLwA6qzjXbJi$+EOCYtHGCcPN+bzt0qlLqx8gZw3o0+YxPfmIRwKFcWE=',NULL,0,'1130@api.kr','',1,0),(432,'pbkdf2_sha256$216000$FuOcHUJTbCgL$PJCykxvmYyBdAzJgCLi21PN099iaCsQvls3lvDJFVLM=',NULL,0,'1131@api.kr','',1,0),(433,'pbkdf2_sha256$216000$OD5W4qO3uW9h$JPGDPB8/wFRHupjLp4XxWOx2BCnzqqG0ocxlhIc3lhQ=',NULL,0,'1132@api.kr','',1,0),(434,'pbkdf2_sha256$216000$eeRK2q6glqkh$u3PBsEC3Ej/3KTNpkBJXNTxOBgdWhpCMRhsChrTYhkA=',NULL,0,'1133@api.kr','',1,0),(435,'pbkdf2_sha256$216000$lJuCx8ouuIos$VvfXfFjZn7tztvMkyQMTrwVSsv3ibnMMX6f4SQ845Fc=',NULL,0,'1134@api.kr','',1,0),(436,'pbkdf2_sha256$216000$vE6qLPoNTN8r$5KxruaL7ww/m4zrBXBODfpv3ekgp8esZYRNSGnwBcg0=',NULL,0,'1135@api.kr','',1,0),(437,'pbkdf2_sha256$216000$U0uG48DBvzlS$P8QH64WKMAxnZinBypPoSDn1Ua0UdQ6jIY4hjkAqxEY=',NULL,0,'1136@api.kr','',1,0),(438,'pbkdf2_sha256$216000$cTfwzkjvsnAn$Fh737p2o7cF0LkFnMmlQbOCBjYhqvQawmBEvAQfdjHk=',NULL,0,'1137@api.kr','',1,0),(439,'pbkdf2_sha256$216000$AFJZMTdfqOax$kw0Lf2uK6AcfdiY5rKD7+HO3XgcmKAkQBACmw1i7oWY=',NULL,0,'1138@api.kr','',1,0),(440,'pbkdf2_sha256$216000$sDgsQSoXre5N$z4WJ8bvCg5Y5qk4B7P6hLICBucd1DwBgmFxNputpZWs=',NULL,0,'1139@api.kr','',1,0),(441,'pbkdf2_sha256$216000$1tv0J5QrHfaF$KiD+hGbc0IMnZ1kUJO04ii9/7733E1JdHK34WtlAUVA=',NULL,0,'1140@api.kr','',1,0),(442,'pbkdf2_sha256$216000$XpJUNQ4NWUR6$NVxe+Oo5RqJPPUZvGCI7WSxszoDqsHSe8wnnZ7qTick=',NULL,0,'1201@api.kr','',1,0),(443,'pbkdf2_sha256$216000$ZZpqBjF9ecDB$2vFxaDTYputdOmYxNwi8COPHRxLTrJTfdxzEPbNhbgM=',NULL,0,'1202@api.kr','',1,0),(444,'pbkdf2_sha256$216000$XwXZPxCIy8lh$krKcqjhnXQvWN+5kSzX31QcSFDF4pOYiScY0TYlGi/E=',NULL,0,'1203@api.kr','',1,0),(445,'pbkdf2_sha256$216000$S79GA7LBrOAY$sLWrWsOPVYzGL65MFglLDS7kpfAdBiMAwg7z6vuhSwc=',NULL,0,'1204@api.kr','',1,0),(446,'pbkdf2_sha256$216000$TaPdLKWHbmrr$OMP6xu4ZiDkw6Y3sj5mEft0LwFKNVUTACok8cZTLXQU=',NULL,0,'1205@api.kr','',1,0),(447,'pbkdf2_sha256$216000$L8zZOCtAQscU$B7YFGc3Zr9S/9UEQaRKF3bt9yfPd6SXb+OBqbNpffo8=',NULL,0,'1206@api.kr','',1,0),(448,'pbkdf2_sha256$216000$UZplHD3YGGWK$MBFsi1XovLH5JSfFxK3S1jriVB0kvAAN8/AudFTa/oY=',NULL,0,'1207@api.kr','',1,0),(449,'pbkdf2_sha256$216000$fQbH0uYxFulG$XmRHYnx8snHU5seOeNpqrXmL1Koy5uZFmUUPH1Z8jnY=',NULL,0,'1208@api.kr','',1,0),(450,'pbkdf2_sha256$216000$0bsdDe5mIPlN$exxB1rLu/0Bdl/O8j7GP7aWISklesYhEV5xrL4MTI58=',NULL,0,'1209@api.kr','',1,0),(451,'pbkdf2_sha256$216000$F5vLnBuHyAqV$7/lK5LrNJevCj3mmjJJLiIq3nLnaCWf5519Pp99rm1s=',NULL,0,'1210@api.kr','',1,0),(452,'pbkdf2_sha256$216000$22aLy7okJbcv$NES0fngwSZDij0Y7lA67qOWvZRn9cIcMPYPWuwHq3cI=',NULL,0,'1211@api.kr','',1,0),(453,'pbkdf2_sha256$216000$OIcq5PeIh5Wx$4Dzw3+0l4HoY9QDQ2d+/Eqp5byYhpNaVc28pMTSmrvE=',NULL,0,'1212@api.kr','',1,0),(454,'pbkdf2_sha256$216000$Fa10IODBhL88$xEcBbYrxdE5ru8Ro7CSupe4iGlj1KClZ6g92RSfyBdo=',NULL,0,'1213@api.kr','',1,0),(455,'pbkdf2_sha256$216000$jREsK7VmNpot$EZ6jjAY1km07cmP+wWT28HSA2AYWzqfHKirXeFcLbxE=',NULL,0,'1214@api.kr','',1,0),(456,'pbkdf2_sha256$216000$HqPEmFnaA8IB$68ax6LGiu++gPNzq9g0vPzi0wHbGM52hRhghZYpBupM=',NULL,0,'1215@api.kr','',1,0),(457,'pbkdf2_sha256$216000$FgJrBWxko49J$JHOyEz/2nchvlTSbr2kwhwTQya6mgcZCWaqI/G22i6Y=',NULL,0,'1216@api.kr','',1,0),(458,'pbkdf2_sha256$216000$gmnPBQALF2JP$HsJVzI0K3fn9rNf/P42d/uhhiXJfJ9ncDt4Byw4YZ8Q=',NULL,0,'1217@api.kr','',1,0),(459,'pbkdf2_sha256$216000$cRonvaFY4lve$S39iIfLCJM3t6mYTehWTkPj5L8JZ8nT9gZVMwyq5SIw=',NULL,0,'1218@api.kr','',1,0),(460,'pbkdf2_sha256$216000$3MbnVgDuLNcg$o76jZHTKZep9Jxsnm3sv83QaRcCWO03ET18NKV2OTHs=',NULL,0,'1219@api.kr','',1,0),(461,'pbkdf2_sha256$216000$i3ngSiOS0tlB$znUdhHK6dJtQui/ZK5ZOfxsZ0Xu6wabejkVdh+WrES0=',NULL,0,'1220@api.kr','',1,0),(462,'pbkdf2_sha256$216000$QnuOEPQBqytw$bzu2Ew+p9Q8G4l/kmwgHTh24fHN6g9mIx+akI3px1Vw=',NULL,0,'1221@api.kr','',1,0),(463,'pbkdf2_sha256$216000$3F18MvMp2bpw$5la4nrEkQODn/vBSVVm1U0sCnHSiO8FAWtz+TKgZlVQ=',NULL,0,'1222@api.kr','',1,0),(464,'pbkdf2_sha256$216000$xnUB09i0bgyj$Yh75dDJtBkdtSt8JeWtv9+3xJzAGgw3W3A9Wswk30aQ=',NULL,0,'1223@api.kr','',1,0),(465,'pbkdf2_sha256$216000$MPL1fiPW6O1G$tlJeaq2JZ/1Z0z2cGlvFobYZu0UbjvxQSnQQFRxUYe0=',NULL,0,'1224@api.kr','',1,0),(466,'pbkdf2_sha256$216000$oKrbFJSmqBrf$98xzNyMYL3hWJDsFXH4ddJvBIxVmrsVXdlS0GfPHReE=',NULL,0,'1225@api.kr','',1,0),(467,'pbkdf2_sha256$216000$S2OeBW93EgHm$Bla/2usZ50LNaQlfqvdiFv+5rs+d8qgMwDIH24MLgs0=',NULL,0,'1226@api.kr','',1,0),(468,'pbkdf2_sha256$216000$ikCcR6UrWJNT$5UgEcLRdS6wMXELphmzyiU069SF8Mf40cdvKiTd9eN8=',NULL,0,'1227@api.kr','',1,0),(469,'pbkdf2_sha256$216000$J49J6FAhSc66$sbPSuoycSpxGvJkhSgnfXvMEG8eZbMDJsqQbckz0ess=',NULL,0,'1228@api.kr','',1,0),(470,'pbkdf2_sha256$216000$ok6T188ASyCf$HACa/ChpHRKSQHXxZPHiqITpG6ZblB3RfdAuZlHExM4=',NULL,0,'1229@api.kr','',1,0),(471,'pbkdf2_sha256$216000$CPv8H9zcdlnB$FzlXkt5EwrjIoEwdNbAlka1pDd04RrwZIL8c6r3mA8E=',NULL,0,'1230@api.kr','',1,0),(472,'pbkdf2_sha256$216000$bq7NZXlsfqft$YBDm0VbSXHtUMKd9M1ygmSuo2dbUVCFchFb2zD+T53c=',NULL,0,'1231@api.kr','',1,0),(473,'pbkdf2_sha256$216000$RcS2g03Z9GkQ$3pZrgKXKeyzLJwnsri4ZTKbo/bR6yPuPliRYa7XO3ks=',NULL,0,'1232@api.kr','',1,0),(474,'pbkdf2_sha256$216000$7xHw4MF2YjSZ$IeJyaGJ4ph207Y/tMQIgdpPkNzdOAFOY0LawXa4EXOU=',NULL,0,'1233@api.kr','',1,0),(475,'pbkdf2_sha256$216000$eBRZpEHhBS2B$qkOCJm1JOFP/NmFK5y0bs51BDb/D1BJrVyuVpViMh38=',NULL,0,'1234@api.kr','',1,0),(476,'pbkdf2_sha256$216000$RMmFuulN8VJw$ralPix9bbJ4ElohE0QEkqcTHjp1bdyLwc19iiMLQE1o=',NULL,0,'1235@api.kr','',1,0),(477,'pbkdf2_sha256$216000$hpyhPsySVEDK$UNJHAWb0oX/kSavGN6ircqTPBWKHveGwdm6nd+56QWM=',NULL,0,'1236@api.kr','',1,0),(478,'pbkdf2_sha256$216000$zBhA1AVBHA92$FxvMEgXs8XW+oGc84lKAHNjMX1GohpUpp5rCwgPfTcs=',NULL,0,'1237@api.kr','',1,0),(479,'pbkdf2_sha256$216000$ovKIMEMtzrZW$6rHWVidAxVnBBBi33Y54eLCYaL8lJajOg13QXnvjPrI=',NULL,0,'1238@api.kr','',1,0),(480,'pbkdf2_sha256$216000$HFgQ0g36a0cp$kQf28y6zmozoC+mHcs3xvOswjfbPIhxIV40mGxRQGX8=',NULL,0,'1239@api.kr','',1,0),(481,'pbkdf2_sha256$216000$mf3u42HYE2Yx$g9eyJ7ZSzfAOejy6wrhEBFusw64OeRSEnk7wUZfvdz0=',NULL,0,'1240@api.kr','',1,0),(482,'pbkdf2_sha256$216000$OX2oa5JxXL4m$cxawd38wnCafqZxayNJZopaLABGoJny2hPUMztEkxXE=',NULL,0,'1301@api.kr','',1,0),(483,'pbkdf2_sha256$216000$lyQY6qyrvrBn$pfJfXn2tNPcu33hC+j8VyIcNTCn+PQtaTm0u759cTnI=',NULL,0,'1302@api.kr','',1,0),(484,'pbkdf2_sha256$216000$BLbJ0KH5sDFR$ixRv7ltNEtisdUbaZ+4v6Qs3QTAH2Y6g4wJuh4TgMlI=',NULL,0,'1303@api.kr','',1,0),(485,'pbkdf2_sha256$216000$qwE6acVGgbms$jI+rhdQVg6WyUug+pLs/9mf4Ti6V2hSmqk6vzNkUPwQ=',NULL,0,'1304@api.kr','',1,0),(486,'pbkdf2_sha256$216000$6U4z1m91ke6k$7YO+HGDmoJR79rqoj+7oMpwVTRBixlOPjcXGw5pqF3k=',NULL,0,'1305@api.kr','',1,0),(487,'pbkdf2_sha256$216000$huFWxZ4hEe6g$RsRhn8vMzgWnu9xF6guSenM9tP+zdcASI+0iQnUcxEY=',NULL,0,'1306@api.kr','',1,0),(488,'pbkdf2_sha256$216000$Su9TdxKBXa3u$PHsJxb5M/e1Enx5WKZXIL9ZcAteYuNiIqtDiSrQbTgw=',NULL,0,'1307@api.kr','',1,0),(489,'pbkdf2_sha256$216000$HbPx9w9XSLlc$Vqbr24Dhj1gTGNaMle/LeMEXyEhIA1Uf4jV4gxa816g=',NULL,0,'1308@api.kr','',1,0),(490,'pbkdf2_sha256$216000$CJ558G5GD3av$ehc65Ml7/n68iF9zS6a7d0V0w+xnC63qUJYDbYYdPhE=',NULL,0,'1309@api.kr','',1,0),(491,'pbkdf2_sha256$216000$JvTneMya6x31$Y0MuKASCEGFCSBdrIGL5HwUXQrCXDD0WuapAOi+feJ0=',NULL,0,'1310@api.kr','',1,0),(492,'pbkdf2_sha256$216000$WQD2AQZG1r3j$z/KdyVb1P+AXwv0pklYRf3NKEwLUf6oRhX579D6d+XA=',NULL,0,'1311@api.kr','',1,0),(493,'pbkdf2_sha256$216000$i1mqHy2tW9to$81WjJ/lKdEnfc7Uz2YsnjOMvbTiKbim3UE6+rVWXJLE=',NULL,0,'1312@api.kr','',1,0),(494,'pbkdf2_sha256$216000$L9asMOQMDqdl$Zvf5OoGYdOUQZOi6iwIyjIJBbDF1UzE/HGSRUjmSV8U=',NULL,0,'1313@api.kr','',1,0),(495,'pbkdf2_sha256$216000$4akp45g6dl5Z$8y9hVtUiWoOHKeUFefebks7rn0Zdaer+R/pcFvFp2NI=',NULL,0,'1314@api.kr','',1,0),(496,'pbkdf2_sha256$216000$ZOT9HBcTznXN$19xgDIjQvwhlwZoxx80TzzTzUiyq+DtJFxRHRVuVP7E=',NULL,0,'1315@api.kr','',1,0),(497,'pbkdf2_sha256$216000$edhfIKFgRi39$wqscs6fqcZvemo4mtLEqkm03ivhxnAvBhTc8h1oQa3s=',NULL,0,'1316@api.kr','',1,0),(498,'pbkdf2_sha256$216000$Hfxjh9TpC20p$1mus4BoLcwkzm296Ji7HyBjh9rmf/A3azuzl0NSNnBU=',NULL,0,'1317@api.kr','',1,0),(499,'pbkdf2_sha256$216000$CXEA0323BbWj$3OX9LjO3PDcvrQB58loBX8/DG69p954FS4eP2jJGhtQ=',NULL,0,'1318@api.kr','',1,0),(500,'pbkdf2_sha256$216000$U9fn19JJkFQz$/GMH+T5QRldlLeyIfniNGVpdpc9UML17XOm4fbRGPq0=',NULL,0,'1319@api.kr','',1,0),(501,'pbkdf2_sha256$216000$lKjGDPSx3unB$ZI+oszS4csODLe+CzqcqQKPs1klfuzfmWtbBZJcL8dk=',NULL,0,'1320@api.kr','',1,0),(502,'pbkdf2_sha256$216000$cgnrkenSoYXH$e0Gtm3ctjM8Wp5l5YlVMzfyRG0BUpbqa9FiU/tHneJI=',NULL,0,'1321@api.kr','',1,0),(503,'pbkdf2_sha256$216000$LoFZwv8Tt2xn$bpN11kpB9ezhTakwLBRXgtpLc8zhjRdQ/3/wwq/QsSU=',NULL,0,'1322@api.kr','',1,0),(504,'pbkdf2_sha256$216000$fIw5lnBCf9wW$NzkmfW3dwB1UEq1SG8OrBHzln9EjcK8NnibgS69LrR8=',NULL,0,'1323@api.kr','',1,0),(505,'pbkdf2_sha256$216000$TJdJmjlwNuRO$Lu8QP6ITYbQis/ruDxGyRhAoZBtO6VKF3vKvkLRWlmw=',NULL,0,'1324@api.kr','',1,0),(506,'pbkdf2_sha256$216000$YLKymPWhDoOq$wDx43tLkrIa4ZVIz+0HPju548i4GifxsUqsKArEYxuo=',NULL,0,'1325@api.kr','',1,0),(507,'pbkdf2_sha256$216000$ajpAsKJuRNKU$CiRaPTYIqBpoFjV94+xeZIdImqb4SUQtY9gPuFuOguA=',NULL,0,'1326@api.kr','',1,0),(508,'pbkdf2_sha256$216000$hYGY5dK1huiC$If90n6Ke37nss1x9+sC91gYbVFbyWXYYxKrEV/KurB4=',NULL,0,'1327@api.kr','',1,0),(509,'pbkdf2_sha256$216000$7eqbmFC1LcrB$+sU+9FcNUPSj4teTivfgWfYeH5UAXaKypXWnzQVPohk=',NULL,0,'1328@api.kr','',1,0),(510,'pbkdf2_sha256$216000$uBFF9JCylXuY$re6UKzrxtvQDJI4wKEYPfbPPY8M5CdhkGFiNrSmgQWg=',NULL,0,'1329@api.kr','',1,0),(511,'pbkdf2_sha256$216000$JuSe0JbngtKf$+P3HWETqGOik8ze3BWKXnDHLT1r6FxkucJWivp6HJ4s=',NULL,0,'1330@api.kr','',1,0),(512,'pbkdf2_sha256$216000$sY1woQXVl7rm$NoNpQ3YixniSg4KqYDjcz9sAwSt/x5VcsmfvY1aT1Zw=',NULL,0,'1331@api.kr','',1,0),(513,'pbkdf2_sha256$216000$yIVshEGDeOla$ndhXPddQu+bzfqe6GTB4n0jCMfOo6+aBts2LIj7ZW70=',NULL,0,'1332@api.kr','',1,0),(514,'pbkdf2_sha256$216000$UaFvfoUfu0YP$FW/t1uT3+anUl9/Xj4lb7L5GQEMRqLd6JtkEl1cSVfg=',NULL,0,'1333@api.kr','',1,0),(515,'pbkdf2_sha256$216000$PlxlmNWM5nFu$pyvkpnKkyAz+23XqnQbGy3/DjOj5x9korQslq9rjHTc=',NULL,0,'1334@api.kr','',1,0),(516,'pbkdf2_sha256$216000$Yu6vNIJIvsq9$v0jK3ZV1AcWzEWzCjjkxNAJX4sSwVcVdhj9kM0bU+P4=',NULL,0,'1335@api.kr','',1,0),(517,'pbkdf2_sha256$216000$fXaFGXmgRNgw$MPJ8GmMW7fFm+RIPqd+cBJDQcqT4CcTPTzfSqR+ZKKw=',NULL,0,'1336@api.kr','',1,0),(518,'pbkdf2_sha256$216000$Odg4pUPvoJo7$+T2SMprsuNNsov1h8eqfjSGZPK5LfyL0NYM2OrtGAww=',NULL,0,'1337@api.kr','',1,0),(519,'pbkdf2_sha256$216000$8gp2sNMJYb7Y$Iz7FYIyUfR7aTqJIyho6K9D4LgXsc/3kqrOtnaerl5U=',NULL,0,'1338@api.kr','',1,0),(520,'pbkdf2_sha256$216000$xiJVGmoNla4M$cqQhPHoxMEfTRidg6DY5VDn4uUxdKqxJiSRJWEufnUM=',NULL,0,'1339@api.kr','',1,0),(521,'pbkdf2_sha256$216000$daZl9VZW9Ops$R0ieD/OOfbJu+4NkobnxwLBGCFt9P0mox22uBZfNhp8=',NULL,0,'1340@api.kr','',1,0),(522,'pbkdf2_sha256$216000$ZNZ8BpWIBcLC$oMuXV2wLXjATeO274cD5MCnb+Ko27XmmwAnXesLjwIk=',NULL,0,'1401@api.kr','',1,0),(523,'pbkdf2_sha256$216000$s5SQHFBH7Bdb$UiqcMlkBoS3RmZfVQdCsLCqLirlkg+PdmzGocMoNurw=',NULL,0,'1402@api.kr','',1,0),(524,'pbkdf2_sha256$216000$pYYGUU2fm86l$0OL33W2GcoFRPIm3NBOnFCEd6n76Xzzw1Yors2xpbOg=',NULL,0,'1403@api.kr','',1,0),(525,'pbkdf2_sha256$216000$7mMEZow1rAUz$7zjaXPX/Rq2SsD8IGF2moSx4Dti805i5GHnjY+O4QJI=',NULL,0,'1404@api.kr','',1,0),(526,'pbkdf2_sha256$216000$Frg8wWfBU15x$PAa49PXuv2XYWh/PZWIZGWUZss9z6RFBqQZb9gLdh4k=',NULL,0,'1405@api.kr','',1,0),(527,'pbkdf2_sha256$216000$LC6YcZHtqbok$56Se+P0rfoYUcq/BpNYCPpZXWnnTGlkBhWqmrjZ3RlQ=',NULL,0,'1406@api.kr','',1,0),(528,'pbkdf2_sha256$216000$ftjhzyUJr4ly$l17tbrKIoVF4dAXgQHVKm39U4VLD0W8YBQ7oFBPdnjc=',NULL,0,'1407@api.kr','',1,0),(529,'pbkdf2_sha256$216000$oVJ5cREb10cq$+mei7UmN7LqlaPDhaNFLFw9pWNE1FFQ1F3pMKr5W6PE=',NULL,0,'1408@api.kr','',1,0),(530,'pbkdf2_sha256$216000$1Y0fl5CgVFLn$v6cSann9Ir5DLE8u0BJV4ZSMnwU1MeOFapVzeWsJXrI=',NULL,0,'1409@api.kr','',1,0),(531,'pbkdf2_sha256$216000$HIVyiDGhvn2m$rTBV1ExZnse939WvBb2xUHgqp+a20j2ZfjESappHQEE=',NULL,0,'1410@api.kr','',1,0),(532,'pbkdf2_sha256$216000$3OV6rqC35eV6$Q2adxOzZITXMET0ZdJ+/GIrkPB52gzXjM6Sb3uDBbJI=',NULL,0,'1411@api.kr','',1,0),(533,'pbkdf2_sha256$216000$uFEefvL7RImi$AYukCd2t2UcDZZyKAQIkzPT2SfzfJmuY0d/JNzVB/Rs=',NULL,0,'1412@api.kr','',1,0),(534,'pbkdf2_sha256$216000$r61F3IuqfXra$cfgen2VtO56d5vYVR5y873dQav809h4Wj01NURjixo8=',NULL,0,'1413@api.kr','',1,0),(535,'pbkdf2_sha256$216000$vJXRq5LG7J94$SviAk01CRHr7kDgbPQxZjCC361YGfZxaBLZATjeUvME=',NULL,0,'1414@api.kr','',1,0),(536,'pbkdf2_sha256$216000$C7PUcK3q1q7z$LRBAIAYshUtA6bIekGV5hBO8wizAmq6Z1JEVIFEYVgc=',NULL,0,'1415@api.kr','',1,0),(537,'pbkdf2_sha256$216000$9f4LE8HrtU9V$5y3N1oJspFIqKJXv0QXZeZT/KVJlOwjAq+RxtYjkMB0=',NULL,0,'1416@api.kr','',1,0),(538,'pbkdf2_sha256$216000$S47yqgeWOvj7$fIzhhOnuKwV2E6pq05TaplhKdYguZTStNhbKkTA+Un8=',NULL,0,'1417@api.kr','',1,0),(539,'pbkdf2_sha256$216000$Pds9o7r5ZQPR$8iBQJ9t/+RaCsbsK0S3Upg+j0+VddSRD2ANXDnHi8tE=',NULL,0,'1418@api.kr','',1,0),(540,'pbkdf2_sha256$216000$63rAO0Lhxlgh$/13L0xmHUMdF6+3vOORQejJHQhmm7MyX7W9gmrJqiSw=',NULL,0,'1419@api.kr','',1,0),(541,'pbkdf2_sha256$216000$ERZMSmGALQPp$Z/cgDLSckPhBqc3wKD0CBe761EsY+JTPhaaSXXJFrhw=',NULL,0,'1420@api.kr','',1,0),(542,'pbkdf2_sha256$216000$RTnIbt2AFMzw$95Evr5g506XhmrKC+93yBJvTZ4P86MS5qXOtebhDN58=',NULL,0,'1421@api.kr','',1,0),(543,'pbkdf2_sha256$216000$fmffCNDPnfHu$DHKesfSbrhvsRsndO7E7IVOTck6sjSBQJLHc6akNQyA=',NULL,0,'1422@api.kr','',1,0),(544,'pbkdf2_sha256$216000$9GbHqw2uBuUN$JH6ocq4/xnrQKzlvilBCxM8ceP+pCSvj19qz9uHC9tc=',NULL,0,'1423@api.kr','',1,0),(545,'pbkdf2_sha256$216000$svbOQodMe3Nm$MUp2/HNz3vhZR1r5gto3Fw+jle+W22a78PCAg1o2RhQ=',NULL,0,'1424@api.kr','',1,0),(546,'pbkdf2_sha256$216000$SyC2lYSvG2L8$Drehko4Z3EB0OBi4K17TvEE2G4z02tC6csvriWvk6dc=',NULL,0,'1425@api.kr','',1,0),(547,'pbkdf2_sha256$216000$cq7AWu4KWoqr$3vnhCbX5jHcK9oQzvDdF3OzAseki79TdTuKnEEGtvdY=',NULL,0,'1426@api.kr','',1,0),(548,'pbkdf2_sha256$216000$PUyMKSndEwTd$Rae+g5020lT8SEdivfA/Q8GM0TLWL/CTbN+5BHBUfKQ=',NULL,0,'1427@api.kr','',1,0),(549,'pbkdf2_sha256$216000$HE3oZTvPMUXq$utq9EiDwdKIdEmjdzjeKqalHIsnWArjgPU1w/b90tZk=',NULL,0,'1428@api.kr','',1,0),(550,'pbkdf2_sha256$216000$9hy1wWsCEori$VLEiB3Y9Dmi7opwkkHKlJv+xK/RxFQiUD+Dg5+y+L1g=',NULL,0,'1429@api.kr','',1,0),(551,'pbkdf2_sha256$216000$bzdbi6in8f5l$PZSt/J9+zD3aGpCXflxwYOW5YhE94bJWUsOoPvujO1Q=',NULL,0,'1430@api.kr','',1,0),(552,'pbkdf2_sha256$216000$48TaHlKpikc7$nCxe2YDuiQNsZyHW8Ap17oBw1UWQV8vIaIw8JqnMyB0=',NULL,0,'1431@api.kr','',1,0),(553,'pbkdf2_sha256$216000$YOuE8isbCCzi$WWQJPAmkQTyryVey4xRzk2T98xrpKOwlfJ6fWuiGPdI=',NULL,0,'1432@api.kr','',1,0),(554,'pbkdf2_sha256$216000$58MtgefcRFZ6$soGngBrpWW8uOBoRc7D5g8ObgzzA3GNQ0nqKcjicde0=',NULL,0,'1433@api.kr','',1,0),(555,'pbkdf2_sha256$216000$dySJe6KmILQ1$6g+kD6Hsa0S7n/Ka64nbCDoSVBsw6oDTmEyA164IVn8=',NULL,0,'1434@api.kr','',1,0),(556,'pbkdf2_sha256$216000$UfoWfkkX2dxL$yXJAUXuQ+pSN9aEIeDX4VBH7jBWkvUVee1GGCYohRXw=',NULL,0,'1435@api.kr','',1,0),(557,'pbkdf2_sha256$216000$mqqOL05DZpTR$2fk86ACUeB2zgq3Fqft1h5xKlU6rCLSJk56v/DXsMTY=',NULL,0,'1436@api.kr','',1,0),(558,'pbkdf2_sha256$216000$wJJWw5PgiCfl$3g2JCEqlHZnoTKLpAv+Tw0QERq71SVNrtrXJV0mUs6M=',NULL,0,'1437@api.kr','',1,0),(559,'pbkdf2_sha256$216000$kLMJ4F61FZDk$WRW+JseDqxMead34KgSKtSYkKJZR1x6w0na79XTwPKg=',NULL,0,'1438@api.kr','',1,0),(560,'pbkdf2_sha256$216000$02myb14fwP3F$ok3SvRHMQHW9MbZbdrfULR7TEB3A+f0vniKnjfWUzgM=',NULL,0,'1439@api.kr','',1,0),(561,'pbkdf2_sha256$216000$Gc9P2vMpNhJl$VJRDHdQ5yDp9BVtYpxVzq1dUaZ7aMf7iHWXiehnB0Bs=',NULL,0,'1440@api.kr','',1,0),(562,'pbkdf2_sha256$216000$wfwiU92DheIO$urDvZ0tKVYRkLxdNzZ9mDBIOFU70jx+U8pSV0eGzAwg=',NULL,0,'1501@api.kr','',1,0),(563,'pbkdf2_sha256$216000$YKujl6FN7v3J$o9gmjloRRBIjvk2AIaRiA2qDGIi31jNqzBG8ZImCEu8=',NULL,0,'1502@api.kr','',1,0),(564,'pbkdf2_sha256$216000$7IWahCmSTQOc$LPZyAu7ZJ3DCRDvGHmkJWiEhWmjFgHNzKGK8j4gdXl8=',NULL,0,'1503@api.kr','',1,0),(565,'pbkdf2_sha256$216000$2Z2JpM18A871$ZiiTpuJdfchY9B8NuuSgl/ItEkw79bPXoIqDLBsQk3E=',NULL,0,'1504@api.kr','',1,0),(566,'pbkdf2_sha256$216000$nKy3ue5BEMLx$bXx8LeSBEreYuUacSpjOQkwatPelsjBxcbFbMq+RrqQ=',NULL,0,'1505@api.kr','',1,0),(567,'pbkdf2_sha256$216000$ZwQOn1zYoJWe$FNNzNhlQCrnXPEcpaGl5RvR29dYRwX9P1kx0H770+Cw=',NULL,0,'1506@api.kr','',1,0),(568,'pbkdf2_sha256$216000$UlP7wNF8eL0F$qr0Fl7sjTuWol6QCgg5q8O/V2wg3UUKdx7uLYm0/I2w=',NULL,0,'1507@api.kr','',1,0),(569,'pbkdf2_sha256$216000$RftjCEI8eNRx$6E8fYI2NBho8/DtB9sE3ze3+yWgnKUgy47NSLRsjOOc=',NULL,0,'1508@api.kr','',1,0),(570,'pbkdf2_sha256$216000$UPmEmPbKf8Fa$Us/lj4hzD5r4BqfskrZXQS71DMq0TTd7ch/5qbqCu80=',NULL,0,'1509@api.kr','',1,0),(571,'pbkdf2_sha256$216000$p3Sj2ydnxhe4$fyVv6b7aMx9qWnwT/VHt0jQ2WED8sWMG/v1S39NuSrs=',NULL,0,'1510@api.kr','',1,0),(572,'pbkdf2_sha256$216000$JIzHKcyu68al$tdQAveqBkBxC165n3YluzkhWWF6KtG74EjgU+MLZ2/I=',NULL,0,'1511@api.kr','',1,0),(573,'pbkdf2_sha256$216000$ApS4RMXtQo7W$gQkiSy63YJxx5jDvEhSu3WzeUdXGmG0WepACad7VGo0=',NULL,0,'1512@api.kr','',1,0),(574,'pbkdf2_sha256$216000$gcLBhvsgiejl$UYIv58RKw2t4e4TSK7zUaJrVtTe8bFFwsGGaDC+xTCc=',NULL,0,'1513@api.kr','',1,0),(575,'pbkdf2_sha256$216000$SiGaYUJUPS10$Us1ScxuHpkgDH744vYrfmpcohZ3IUKE5hA5O1SKjJaA=',NULL,0,'1514@api.kr','',1,0),(576,'pbkdf2_sha256$216000$fNPTN98LDl5d$HJUFb0mNLgopmBddKQJD5zs1fMMz5/qpxpO/LQzIFC4=',NULL,0,'1515@api.kr','',1,0),(577,'pbkdf2_sha256$216000$dVCtbYXRx1d6$e1JIvDdIbzMpo0Bdco5wqPWvffkXSamGdUmEcIo07D8=',NULL,0,'1516@api.kr','',1,0),(578,'pbkdf2_sha256$216000$K99TBW2kF5o8$1LixJqilbcx4qdTJhLgiAS4VtF7/GFsN1XuK+UZf+qQ=',NULL,0,'1517@api.kr','',1,0),(579,'pbkdf2_sha256$216000$TMK5b6FMQUfX$0Te1oZEGBzHnUbAmm+H4KGNSSv00KUtwHd6JrCRMoag=',NULL,0,'1518@api.kr','',1,0),(580,'pbkdf2_sha256$216000$CwNHiTEyGE7j$SfvCHqc815BUY5t3+HqPh3wgxfYWGgct1e5H976Q9kI=',NULL,0,'1519@api.kr','',1,0),(581,'pbkdf2_sha256$216000$jXmqwtDnUmiQ$IAATBbvwm1u0IefNEeLW6GuCKElbaABFAerVIsl0fR8=',NULL,0,'1520@api.kr','',1,0),(582,'pbkdf2_sha256$216000$g8uoXWCViLo4$UGfQq5txKgymnOFjVWUUsJ1001YQWP+mb++MjOPNsW0=',NULL,0,'1521@api.kr','',1,0),(583,'pbkdf2_sha256$216000$VX12Pss7Tjbt$Qb1fCx1PHeqJGDK8V4SpR81z/4mvwZPMiDq/ANKyqz8=',NULL,0,'1522@api.kr','',1,0),(584,'pbkdf2_sha256$216000$qawygFmPvJH7$Ry7izC3aZIC+zIddsLBMESyPatkNdh0ns3eTUhemvJY=',NULL,0,'1523@api.kr','',1,0),(585,'pbkdf2_sha256$216000$oJaNWDZsN4vE$F/zOlp0t85r9ArGIQ9yIwxpvNuCq/pGySBCkXWu7nL0=',NULL,0,'1524@api.kr','',1,0),(586,'pbkdf2_sha256$216000$77UxZLvEW0cz$qmx6RRkQUt88ZKaHJ+Z2506M/BsGx191Q+wG8l+W+DE=',NULL,0,'1525@api.kr','',1,0),(587,'pbkdf2_sha256$216000$bLKddO4NNg97$UbIyEwnLAGBgpPDGOZAm1z3Qy81vl8oPEs8qNFBWtGw=',NULL,0,'1526@api.kr','',1,0),(588,'pbkdf2_sha256$216000$8c6SWMYEcocC$JXMlvgQlcgLOA6QVteEeDocoIQv3tFDNNJCzALVEjjQ=',NULL,0,'1527@api.kr','',1,0),(589,'pbkdf2_sha256$216000$hXSzAt7QwQpR$KiCnTVFLwwW12+7pTt5+wXtZSY2QNzF/lUFVuZ8sYCc=',NULL,0,'1528@api.kr','',1,0),(590,'pbkdf2_sha256$216000$enRhVwI7NQC7$rwlsS+akd5pcUAfl8woRUGWxZWbetq1bXudS+bfCvDk=',NULL,0,'1529@api.kr','',1,0),(591,'pbkdf2_sha256$216000$U4oxa7ZcEaCn$oQizWItBJy00FT3XZGL7Hjr+r4Oy8clGdLxn12og3is=',NULL,0,'1530@api.kr','',1,0),(592,'pbkdf2_sha256$216000$8kMzG2tr6VKU$OieTHHVe/C5+Pvmi50ZBrxxBZX5M3QDSRxzE7WenmDc=',NULL,0,'1531@api.kr','',1,0),(593,'pbkdf2_sha256$216000$e6EakiXFHnJ2$yw7gDn5MjnIugp9vlrcQqGYdMDLVPK/xTdZEgofTsbg=',NULL,0,'1532@api.kr','',1,0),(594,'pbkdf2_sha256$216000$woBdkuPlNPPl$ykdmo4iMHT2FdSV7QobIjQ6HabTuIWnr3YXNBVfdHhc=',NULL,0,'1533@api.kr','',1,0),(595,'pbkdf2_sha256$216000$1UNQYgj2bBZQ$y1qOf1mMMjFn9iQBEt/ANlXDGnPS1y/qWCQ0R9Q0ceI=',NULL,0,'1534@api.kr','',1,0),(596,'pbkdf2_sha256$216000$BS0JDX3BGRlj$ir4VBM7h4jLxSWlqaFXkvTEqoHuh4PMxron1ouUD09g=',NULL,0,'1535@api.kr','',1,0),(597,'pbkdf2_sha256$216000$yMkT7x1iNcLI$JmmA0+f7KktzrpFrOuCC9EKik97tzTWk70gVLY50F0c=',NULL,0,'1536@api.kr','',1,0),(598,'pbkdf2_sha256$216000$ajV4ozivYX4X$x/0FTT7RRCDacmDSetjC4pO7S1BWmhmIsnq6qf9cnik=',NULL,0,'1537@api.kr','',1,0),(599,'pbkdf2_sha256$216000$9tMRWtSXXufH$ZFoIKq2666jUoZaww08XQUV3xsQ2MLxnsGNxt3tmpmI=',NULL,0,'1538@api.kr','',1,0),(600,'pbkdf2_sha256$216000$bOgNqrYZEY19$bxIL6oUe1H9BgMwcOUsHtJfCbUpwInoX1u1IEAZfL5c=',NULL,0,'1539@api.kr','',1,0),(601,'pbkdf2_sha256$216000$h8OXS1HSZZez$McreGGq3ppfuWSg6j63j3KY2c1+sfCyqX+93EOni8cs=',NULL,0,'1540@api.kr','',1,0),(602,'pbkdf2_sha256$216000$sQMJtskzqonr$TvETxQIb4qgtE1OaRL+8GOUuP+9LEw7qwm039ZLi72c=',NULL,0,'1601@api.kr','',1,0),(603,'pbkdf2_sha256$216000$yNODrmk0da6D$eXxM7T6Vup6IMogqMW28m/yflY+DHGF3xRJgUV3NxZA=',NULL,0,'1602@api.kr','',1,0),(604,'pbkdf2_sha256$216000$scSeaUvWORLU$i79PLJ5PNHasJgYYiwmesQEexApJszKSVDM2EqhQGWM=',NULL,0,'1603@api.kr','',1,0),(605,'pbkdf2_sha256$216000$InQFqEZiofs2$t/Ecp36kfcFuNbK4Nhwv61MZCwx6q4E/XowGX+g5sdA=',NULL,0,'1604@api.kr','',1,0),(606,'pbkdf2_sha256$216000$36eX5NuvCW13$gNEacY/2C8sgghGhFSj1oH7+LS9kyFNfErX5d3YTZC8=',NULL,0,'1605@api.kr','',1,0),(607,'pbkdf2_sha256$216000$a5DbzpRlbSVc$Pq1P4JLrCKr7ikM+iXBj7/4mQF33Q2mb4Wdtcj39DQc=',NULL,0,'1606@api.kr','',1,0),(608,'pbkdf2_sha256$216000$lDdSP1PqeKQZ$bcaos/Ggu56lsjR2tRWO06QNlDVcH3DIgGdAlxQ25/8=',NULL,0,'1607@api.kr','',1,0),(609,'pbkdf2_sha256$216000$xNSBH7fPGijX$BoIFBoReNt2nENhPR5vYUYm1LH2g6MY3stn1DvcbsFM=',NULL,0,'1608@api.kr','',1,0),(610,'pbkdf2_sha256$216000$TXMMKPY47rkT$v0pNqlJTn06IgrYIlLYTDgXu4q90Ybra8xDAonAoMBo=',NULL,0,'1609@api.kr','',1,0),(611,'pbkdf2_sha256$216000$CTeFybLSfeN5$uHmUyh40h82t1SxgUabzm1EflrUlPg73smgOEocQuog=',NULL,0,'1610@api.kr','',1,0),(612,'pbkdf2_sha256$216000$2MvAhbRyGgTr$KGwklbDlDXwZsmHn8VTRXwB4iBm0H+2sQf+maLDVzYI=',NULL,0,'1611@api.kr','',1,0),(613,'pbkdf2_sha256$216000$cr1L0kxdnFc0$yxZs9//r7RdhKIY01Pf4+INJWyzgMsaqydx5oFNNXLw=',NULL,0,'1612@api.kr','',1,0),(614,'pbkdf2_sha256$216000$qLlK6OK8iRxX$minDFhZDW980TYnZF80HK0gMqTFltV56FWz4+cs4C5I=',NULL,0,'1613@api.kr','',1,0),(615,'pbkdf2_sha256$216000$ZDNvMYXo4NRw$r9Gvygf6YPc0DKHQfgGJ2hj+UfkCxrjqns0XKjbeiqM=',NULL,0,'1614@api.kr','',1,0),(616,'pbkdf2_sha256$216000$lwyEwWSPFwtW$wjarKQPbH4pYIKOvJZWZ9Et/JhFBFOwmnYwOt0HBM2I=',NULL,0,'1615@api.kr','',1,0),(617,'pbkdf2_sha256$216000$E9ARVe9WkASQ$uBzbyKB/4y8pVRg8QAYCj3n8gj5duArvsZoC5JH/JqM=',NULL,0,'1616@api.kr','',1,0),(618,'pbkdf2_sha256$216000$FnMUlfPTawPD$WN05gaivbXgHgW7dIU8w57ACK75QhrlPAJjqRdV4w1s=',NULL,0,'1617@api.kr','',1,0),(619,'pbkdf2_sha256$216000$s0VuEau3TThY$Q/UR5v5CmLli56RlAT0aK3BCN3q6JGuvSChdImgYfh0=',NULL,0,'1618@api.kr','',1,0),(620,'pbkdf2_sha256$216000$ZYCc8hbj0jgH$ts5anbSRQIs3vgupyg2uQBnZViZwCN0Hx5/dL+m+bWA=',NULL,0,'1619@api.kr','',1,0),(621,'pbkdf2_sha256$216000$uPQ9mcfyGF9C$tZaJU+2Bs8kPTkXBpkb4FOolRZWNwrm12kxJwmUHieI=',NULL,0,'1620@api.kr','',1,0),(622,'pbkdf2_sha256$216000$zSQu6pqsIPh5$Tug+zlvQ409mSZ9+moGbrjiNXpZEek6J5tOOxnzBh1Q=',NULL,0,'1621@api.kr','',1,0),(623,'pbkdf2_sha256$216000$JKPzQ7imOn7j$XFxH+tDJSRjWTpQOyhpppIkMBkhqIgl6/ro3CXwWuuk=',NULL,0,'1622@api.kr','',1,0),(624,'pbkdf2_sha256$216000$KXHiueqgJfyu$5wXLx7oYDtPYQu4XBVh6SI+MmhLUazn41gzHiDigzfo=',NULL,0,'1623@api.kr','',1,0),(625,'pbkdf2_sha256$216000$DGBmQpzwOWKW$2HodBPeyhSMmqPsUYmGy7BdPw7J8lpZPca5+R20DKe8=',NULL,0,'1624@api.kr','',1,0),(626,'pbkdf2_sha256$216000$C4gIDXSo2TVj$0ZMyP4Sr6vAiJJW+oIUkUQg52k29Q0aDupaGmhvp0uU=',NULL,0,'1625@api.kr','',1,0),(627,'pbkdf2_sha256$216000$lK9mVHBP3kWV$SnZsaQbfJlfrHum8WyZZXjj9ejuHRQoJz7LD7vy7ThA=',NULL,0,'1626@api.kr','',1,0),(628,'pbkdf2_sha256$216000$dddpm6Kbhw1q$0JMuTnE6fzivWmAS9WFfmodHv69awPuOuYdgt9j6ce4=',NULL,0,'1627@api.kr','',1,0),(629,'pbkdf2_sha256$216000$YU2Ui3Y0pcaR$7LVLiTtrzUKr1oqeUH4w/4xe5jBk2nJlRSHd1q+AZdI=',NULL,0,'1628@api.kr','',1,0),(630,'pbkdf2_sha256$216000$C4xRduF0tlAZ$UiyuhBv/KzwdiwVMGiqF1PqbR87RGmwKXPW9p5YoMZk=',NULL,0,'1629@api.kr','',1,0),(631,'pbkdf2_sha256$216000$d5ho5VPQwd3C$W0SsfTOotjUOBeN4EW9OfqPlk04XBEU9wKKiNpy7bgQ=',NULL,0,'1630@api.kr','',1,0),(632,'pbkdf2_sha256$216000$yewjuKIFbeRO$TzSDkkFEsOrt1GIUZtUm4oE2Uv4Jayv3NgWbtOHehjs=',NULL,0,'1631@api.kr','',1,0),(633,'pbkdf2_sha256$216000$eaRHaqxaTswV$G48u/0PR26BFabRS6AEozX21zp8Sv4s66KNXIYjRKXs=',NULL,0,'1632@api.kr','',1,0),(634,'pbkdf2_sha256$216000$SHWwTUjprlcc$jK2Nm6pgThfA0CLdMVBZr8l6BIiv8wq8D3EI2/8Ykb4=',NULL,0,'1633@api.kr','',1,0),(635,'pbkdf2_sha256$216000$YNdIuSMyc89V$TJQcbRVqtYvBdjlJnVFfY5iCEOuQlZ1ZeexXp1l4Qh8=',NULL,0,'1634@api.kr','',1,0),(636,'pbkdf2_sha256$216000$Og5ysl85FeRS$uzY5xKDQzAUPP8IvUuFpCCd7ZtxnVmFayz20Vnric3Y=',NULL,0,'1635@api.kr','',1,0),(637,'pbkdf2_sha256$216000$AemtewenlRtW$bAsk9upT37FtULXXcQl/RVZGo0WkxwWLGWTP0lqTFAo=',NULL,0,'1636@api.kr','',1,0),(638,'pbkdf2_sha256$216000$7BaTji13UMnv$qbZVVz0HuBDGmuwoyeyA5nAQyUrUrKEU3S8BvEDUvOY=',NULL,0,'1637@api.kr','',1,0),(639,'pbkdf2_sha256$216000$NDO1T5P02Xec$9rejULPjuWh/yIc3eq7Jhux3IurFnri03D3tW6WFLEY=',NULL,0,'1638@api.kr','',1,0),(640,'pbkdf2_sha256$216000$0hx2qGfYTCtN$36QWMG/RpQ/ElHkWCAXeFW5ktcFJwSqYfx7pRiUZyBA=',NULL,0,'1639@api.kr','',1,0),(641,'pbkdf2_sha256$216000$mFW34z4RPZFJ$ddU0GZ8br6qtCN+GSZcbTBhvkErfMH6VW8aewp1bLWw=',NULL,0,'1640@api.kr','',1,0),(642,'pbkdf2_sha256$216000$jK2Dns3xZjsM$8pGTP5rSq1gH7CDUdiIPVW/UrikzM0ErMcpumBKVY1E=',NULL,0,'1701@api.kr','',1,0),(643,'pbkdf2_sha256$216000$OMUJoLfgGrN5$xgdUVlZ4OCdHz1RjGixvSXpsS2ga0Fp/8ofCszKstPw=',NULL,0,'1702@api.kr','',1,0),(644,'pbkdf2_sha256$216000$W963p5XSr5lJ$hXT/aadc3cJ85vIAZgUmAKYJquYV+dYlaW8U2FxlrKA=',NULL,0,'1703@api.kr','',1,0),(645,'pbkdf2_sha256$216000$1mYhbb6XVVgy$DFm08WcWaTwuVbmucQCWrtrkkKkGBm4SPmuHm87Bo6E=',NULL,0,'1704@api.kr','',1,0),(646,'pbkdf2_sha256$216000$vVgZ3uUCAjjX$z9dP9qywN03s46Bs3F5N7+EDw0FCPlwxutFvDn364j0=',NULL,0,'1705@api.kr','',1,0),(647,'pbkdf2_sha256$216000$BhKJmyhVc2eV$tVHQoWLkZ5uzom0yanV1Bf4mnMCrU3wTQaHXFzkxyqE=',NULL,0,'1706@api.kr','',1,0),(648,'pbkdf2_sha256$216000$e6SFcWcWAWBd$t/QRbvFyyLocZv1GYxX+pO498wVxL+AEY54Zm+pD310=',NULL,0,'1707@api.kr','',1,0),(649,'pbkdf2_sha256$216000$giFkXFqwu1q8$o5zIPyXn2bTutkKJ3IST1VmB2zlfm6g+b04way3tDyY=',NULL,0,'1708@api.kr','',1,0),(650,'pbkdf2_sha256$216000$sRjawVMxA6dJ$C2FFZEp8lszGublU4tfPFKndJTC8lMkOD6uNpHSDSBM=',NULL,0,'1709@api.kr','',1,0),(651,'pbkdf2_sha256$216000$djF9Wj02JhVp$7buXABMTR67cLzQEij0nX2AviTyi7ciICX6IeLxnhaY=',NULL,0,'1710@api.kr','',1,0),(652,'pbkdf2_sha256$216000$Z75tDORZSGvl$POGD8ND0svaEGRISwFdu56NM5VGJVN02fn2pXuhymGg=',NULL,0,'1711@api.kr','',1,0),(653,'pbkdf2_sha256$216000$8Fa80xjVE261$LcOpbU1y+6s4FPUizICdcKqu4IT3ZW2Gdx4zy2Kex24=',NULL,0,'1712@api.kr','',1,0),(654,'pbkdf2_sha256$216000$cOG5eYoQphM1$tZiETLWfvCz2fBzdyFniAj+jOL9gEupWKgVcMm9jFt8=',NULL,0,'1713@api.kr','',1,0),(655,'pbkdf2_sha256$216000$HmIxj2VYhKl3$F7sHu7fb9EHIstOjAyQr57Q7p1esmvR1aCae7Zw1vk8=',NULL,0,'1714@api.kr','',1,0),(656,'pbkdf2_sha256$216000$LCPzpbnarQe2$SO5xh6WOhskzSGn14bn11taMchPzEB3Ti7zUWJ2pfBE=',NULL,0,'1715@api.kr','',1,0),(657,'pbkdf2_sha256$216000$C2Tqj46mNg0J$MUJ2EdQSmYosFFqXs8Pkiaii+xXDd3s7kfOMy6bdJMw=',NULL,0,'1716@api.kr','',1,0),(658,'pbkdf2_sha256$216000$JGDsrTPOdkGB$zJF41O5XseAU5XK8A9Zm0/zirD//FfxIdn63oxzoMeM=',NULL,0,'1717@api.kr','',1,0),(659,'pbkdf2_sha256$216000$5t0AdoflRboi$frPoiKd6TRpPz1v4EkFj2aseqvOW2ynX7JpERcyZ8qk=',NULL,0,'1718@api.kr','',1,0),(660,'pbkdf2_sha256$216000$ylFIaEBspvLZ$luMv8VPA+mAXL1mnk3BEv4F+8yrjI1GTsqB31tBL91Y=',NULL,0,'1719@api.kr','',1,0),(661,'pbkdf2_sha256$216000$01ufVKcwoAWi$GRdPo/osPeLB2rnWc1e2DzAxOcgPT8FAki9W/ZxIJJ0=',NULL,0,'1720@api.kr','',1,0),(662,'pbkdf2_sha256$216000$b6PyZ9g2PAXk$vdFbShOd8ENao2p8M5A6UOfcnEerQ+d4zEtTwvf0IvU=',NULL,0,'1721@api.kr','',1,0),(663,'pbkdf2_sha256$216000$yyJ87xuT8NAU$5IceVa8dvDiXNI/dKMgobhnaxpQg0E0yY7OIJnV9r5k=',NULL,0,'1722@api.kr','',1,0),(664,'pbkdf2_sha256$216000$LHYoI6b8gWlw$H1pIb3RhYeb4hy1rl4VkBERPI5DWHazRKBZ0/dF+cZY=',NULL,0,'1723@api.kr','',1,0),(665,'pbkdf2_sha256$216000$89ZcFLlfYa7o$eWMKvIJYUWyk3/gj7vnykS8HsN8X4SZcPbLmEQ1UFrk=',NULL,0,'1724@api.kr','',1,0),(666,'pbkdf2_sha256$216000$XZJdqluUJx61$XY37brkRpLL4V9N/GhKlx0cVd5bYtFAoUCBGczDPWIo=',NULL,0,'1725@api.kr','',1,0),(667,'pbkdf2_sha256$216000$EpwBEXhyMQgP$VW0SSMto+ec5a446oh+EAyw7JMkNoB8DAEu//kAO2BE=',NULL,0,'1726@api.kr','',1,0),(668,'pbkdf2_sha256$216000$R9ad1PKgSRXW$9DwnDps/pyXT/HgwPJJzryHSJN3eINXsG835ybVXZYU=',NULL,0,'1727@api.kr','',1,0),(669,'pbkdf2_sha256$216000$v5pvZWEszeM7$WUJUmp3DrPdYVOCVApzjE047T9JQpd5MDaWr8p6oVSQ=',NULL,0,'1728@api.kr','',1,0),(670,'pbkdf2_sha256$216000$ij63jT3RcLBE$zmZZbf5mYE/yNxqS5SncDcRtwyWAH07c92bwtRnseAY=',NULL,0,'1729@api.kr','',1,0),(671,'pbkdf2_sha256$216000$4mk84JpAio4F$VtHqyZqHxXmDRICYMKe6g6cjlWiyUF4tT5XgjRnOWuI=',NULL,0,'1730@api.kr','',1,0),(672,'pbkdf2_sha256$216000$gB5NWHGPu65M$3uIJvkJoktz3RzZ0ZoSrxd4EBcOAUzlnrYPvY4T0Wl8=',NULL,0,'1731@api.kr','',1,0),(673,'pbkdf2_sha256$216000$J3mFdTn4UI6w$dWGca6VgqvO+PbCJAJuhX8cOOdkPTWNVaSBgwWDZhSU=',NULL,0,'1732@api.kr','',1,0),(674,'pbkdf2_sha256$216000$8TRbSu6ojPWz$5szoav7UB8UH7lViGFH+7VoI3ViDceLxGop+fGMXrEw=',NULL,0,'1733@api.kr','',1,0),(675,'pbkdf2_sha256$216000$DOMZ4hdZNQXg$KMIANfwNHSHXrswJW6pjPAiOjDJXunLqwZEXsFDfLPw=',NULL,0,'1734@api.kr','',1,0),(676,'pbkdf2_sha256$216000$4vsbTblbaMTd$SegoduiyWeVmZOvrep0Wkpwpl/M1G+NZLwDDiQXPTvw=',NULL,0,'1735@api.kr','',1,0),(677,'pbkdf2_sha256$216000$6FeX0q0AXFW3$YI9Gk9pz1vKYZFB30CrG71q7eHKhq8rZItNT/rCdWsc=',NULL,0,'1736@api.kr','',1,0),(678,'pbkdf2_sha256$216000$yFkBuaql3ws7$w6i0KTaNAknw5tcYuh9Gc3koho/3Wit0XEiAxCQGVTU=',NULL,0,'1737@api.kr','',1,0),(679,'pbkdf2_sha256$216000$288Mith1bN9Q$VVB7LgCep5SxUWCwwckbND8HPT4edCxpbcBfVEAkHa0=',NULL,0,'1738@api.kr','',1,0),(680,'pbkdf2_sha256$216000$ck8fVbsDfBH9$IV3bXhhDq3tchCymyL44vmiaotMASS+MwejSWYkxpbw=',NULL,0,'1739@api.kr','',1,0),(681,'pbkdf2_sha256$216000$zA4o9o234x2o$4Nf3Fl1IM5fyx2zzM1Hbv200G9y01Dg433QnGpMs3Ho=',NULL,0,'1740@api.kr','',1,0),(682,'pbkdf2_sha256$216000$Mb8p5slYLJWS$pXyGOAO4mNZ29tBpa/akN0ktemoCBbDZlywzChLti6s=',NULL,0,'1801@api.kr','',1,0),(683,'pbkdf2_sha256$216000$yGPmesEvDQbX$1kIgPOMrrrAB6ScZRoCLcJj6YTVkYnu/sQ1ufFzsEDk=',NULL,0,'1802@api.kr','',1,0),(684,'pbkdf2_sha256$216000$eGOkp021Y3Zq$1BWXQhnZp0zLO7kkExQsQuqPXDcvQn9G7Ww3mcSkuAk=',NULL,0,'1803@api.kr','',1,0),(685,'pbkdf2_sha256$216000$tco3CLojI9px$a6QAjdaoj0pdflf6JTCS3Q18xyQzFRplUokyu6jPt3Q=',NULL,0,'1804@api.kr','',1,0),(686,'pbkdf2_sha256$216000$8UocOKeb8DYw$WDt46Hy7c8T9abzMfaREBGOzYf1wGr24B42ycRpS25A=',NULL,0,'1805@api.kr','',1,0),(687,'pbkdf2_sha256$216000$ScUSJYo5vius$+OwuTpCv+IGuP/UAVw6iDS9cVNHRy8DGitReXAXFG/w=',NULL,0,'1806@api.kr','',1,0),(688,'pbkdf2_sha256$216000$v8B6zNy552W9$30Wh93GEOXYf12MzEnuUExJocrrgWk/oxigfJEsLL3o=',NULL,0,'1807@api.kr','',1,0),(689,'pbkdf2_sha256$216000$mDGua8lui9uU$DUM9RZiMUFDsf7ePfYd6MVbDCAffoO6JoEGE5vmM9pA=',NULL,0,'1808@api.kr','',1,0),(690,'pbkdf2_sha256$216000$9bhqA9m7qJYb$I86HvXhybG5JQKNjQSqTFAZ2Ivlmu+slvhO805w65xY=',NULL,0,'1809@api.kr','',1,0),(691,'pbkdf2_sha256$216000$pHNqTEJxFzJp$Z2UkQDVLYJ0WOusb1EFnSM/ZT4YaArLTzYn/w53fnNU=',NULL,0,'1810@api.kr','',1,0),(692,'pbkdf2_sha256$216000$Z6GIy2k3ZKhP$ix6Zqke2W2wJGrHhaoN82Poqef5VYpiF4libFv/BZ8U=',NULL,0,'1811@api.kr','',1,0),(693,'pbkdf2_sha256$216000$o67WJT9qa85a$ZvfTZ9CTrQs2A8gVl3ouyai02OQKph3wqJwgG8IJIyw=',NULL,0,'1812@api.kr','',1,0),(694,'pbkdf2_sha256$216000$fXqEMyDmxxdw$ZCJEzmdRS5/UKppA/GkWtsnEugDao5lmz3f2BwprQiw=',NULL,0,'1813@api.kr','',1,0),(695,'pbkdf2_sha256$216000$KKDi4zzvZsdX$2rEUgNj0fhsLIhsEMTkTurHe9qtqNbJuI5pimWD4BCE=',NULL,0,'1814@api.kr','',1,0),(696,'pbkdf2_sha256$216000$G9aTHPR9Wl9u$8Fy1AGiHSkNh2jqlzMgSG/gkRlWdYAjn/oYauGMLnNk=',NULL,0,'1815@api.kr','',1,0),(697,'pbkdf2_sha256$216000$j8bsDZBTwb6I$AoOj0iYs+AyALm/qB+UCu+23vkGi9JgihSstQFxigeg=',NULL,0,'1816@api.kr','',1,0),(698,'pbkdf2_sha256$216000$iHJOG2cikJMq$Pxj2wzcrpTPYWoYzON5r3vwx/7xCKLVcEDh3wd/esrs=',NULL,0,'1817@api.kr','',1,0),(699,'pbkdf2_sha256$216000$Xk00hxmWtahw$HGAX1S8jKAMYsuoeomnqpnQTgwiQ8T9vFDYzjX8p3PY=',NULL,0,'1818@api.kr','',1,0),(700,'pbkdf2_sha256$216000$SAYv3JgJKVjv$WFVxLGCuXevQZJhCjqKh3PlD9cLtI8akNc3ILob34Ys=',NULL,0,'1819@api.kr','',1,0),(701,'pbkdf2_sha256$216000$DwKMe8ufsW1g$Qpb4/lTV9hZnCjOiWe5ZbU7uEYN2UTEcD8pySH/q2vM=',NULL,0,'1820@api.kr','',1,0),(702,'pbkdf2_sha256$216000$Eqonq6Y6HFmH$Gx6I7wo2B41RygttaYIUBbM3v3VtXNClNN3/duqcIWM=',NULL,0,'1821@api.kr','',1,0),(703,'pbkdf2_sha256$216000$wp6u9Jbj7ih1$bPLY3rIMZwDPzQKQ7o0QhzEod0mQ0KfmD9Bdl35Ethc=',NULL,0,'1822@api.kr','',1,0),(704,'pbkdf2_sha256$216000$HDxSbN2CDoGm$kgosgaR3CVfsupZDpy+8y6mmJC/auIQpl8KmmDvGejc=',NULL,0,'1823@api.kr','',1,0),(705,'pbkdf2_sha256$216000$sCpwfaAwebMY$OqPMdC4ugCdiZg6f0LzsJtkPlnCk3OaLFhvx0g2epk8=',NULL,0,'1824@api.kr','',1,0),(706,'pbkdf2_sha256$216000$dS2xobUSyi5D$yaP5cnDET6+BwiWP2jLFEd/ox3sHMznhNzRp/+gpC7g=',NULL,0,'1825@api.kr','',1,0),(707,'pbkdf2_sha256$216000$lLRvXRXkekhF$i7JhgqjQambVLfbjWEJ3KVPWAfEwwTgHYorQNaZpQtE=',NULL,0,'1826@api.kr','',1,0),(708,'pbkdf2_sha256$216000$c9jx95pE42eI$qMAsqd7xyCYxqbaCVEC3NJND0F5feTlUq/RbkdIIim4=',NULL,0,'1827@api.kr','',1,0),(709,'pbkdf2_sha256$216000$670v93FTOThy$ozu/6kskIcRlWzhePrJ3djduEVv3sk2N5M73TG/HgWs=',NULL,0,'1828@api.kr','',1,0),(710,'pbkdf2_sha256$216000$YI30Vv15LVe4$SNamkakh4cecFC/T2jXP7w7pB7gAI5Ha22ASb+OIR+I=',NULL,0,'1829@api.kr','',1,0),(711,'pbkdf2_sha256$216000$Puuvwqbv1E7V$7PsoyJpnzxeARsHXicojROSxkRzEBe8Z2rz/r9aW3jU=',NULL,0,'1830@api.kr','',1,0),(712,'pbkdf2_sha256$216000$awMoQ3NT4JtA$q1JLGh3nYmlgWHsViqq671XMsYeV7uk+5rVWq3c20cQ=',NULL,0,'1831@api.kr','',1,0),(713,'pbkdf2_sha256$216000$dccbgBFLGAaC$brcC9rike1ECn4GO/tOw7yCA+sv+gZZniUj78S8AYew=',NULL,0,'1832@api.kr','',1,0),(714,'pbkdf2_sha256$216000$05HirIorqoCM$vwLFu4anNXV+1Ar50Ql9XctiHgaPJVoDM1mh2Jcf/MI=',NULL,0,'1833@api.kr','',1,0),(715,'pbkdf2_sha256$216000$wn0X5Wic1jSt$M1rP2f9orlkby0kgYSna8EVKyMs3CRNWaRkFCXbP/Ig=',NULL,0,'1834@api.kr','',1,0),(716,'pbkdf2_sha256$216000$HAtqXnqQANEi$uVaNC8YaQk9ZjdLtQkYOBpGZ4++s+SuYabFcwMS4/D0=',NULL,0,'1835@api.kr','',1,0),(717,'pbkdf2_sha256$216000$xammiDtshvO9$TW7E0F8ROQkMT4KP8qVnxELTZqHLFCbm3uvr/QxP2tE=',NULL,0,'1836@api.kr','',1,0),(718,'pbkdf2_sha256$216000$plvhzXrskVAY$Ys6B3wSCJ1iX237ct+mlUrsN4Z6u4e3k3Zf37nSP65A=',NULL,0,'1837@api.kr','',1,0),(719,'pbkdf2_sha256$216000$Co3QfPc7tqHp$XanXh/7UETQBHjK3wmJiuge850OItSN8Y6vH3UFsrtU=',NULL,0,'1838@api.kr','',1,0),(720,'pbkdf2_sha256$216000$lcQyzrskqxEk$zQS1x1fXK42ta86rwiUjkTxtes5FNlXz4Voryezzn38=',NULL,0,'1839@api.kr','',1,0),(721,'pbkdf2_sha256$216000$ypdooPbRxwl8$/WnqCu3fbDB4oDoOG8L/UIBqCK3261Fr//D6q5yHES0=',NULL,0,'1840@api.kr','',1,0),(722,'pbkdf2_sha256$216000$fguyxwOqduei$mOVd2fYtrDBAng3BaocZSdBOvE3yj+uHBRXjZqqv574=',NULL,0,'1901@api.kr','',1,0),(723,'pbkdf2_sha256$216000$3ac7IfI9Zdcc$ssJ0cqvIVizieMW2sEUu8r9TsNV1frMSAg1CL5X9jBU=',NULL,0,'1902@api.kr','',1,0),(724,'pbkdf2_sha256$216000$clH7I684kF2E$5HcP+q7zikhx8lFBXwkdPy1sLbeRQo6wVVL7yA3Ybac=',NULL,0,'1903@api.kr','',1,0),(725,'pbkdf2_sha256$216000$Lt6GiTWCgzMQ$hF/cXEmW7ifoq3A0eRRGOMedOt4pH2S8h3T8ZvQ66i8=',NULL,0,'1904@api.kr','',1,0),(726,'pbkdf2_sha256$216000$nWX5f3PtuLo4$z+bE9og/QeOMDNRR3IRgmIbJwwVgSsPjD80dCQZVKsY=',NULL,0,'1905@api.kr','',1,0),(727,'pbkdf2_sha256$216000$1B5yskNBuk86$0UgAZDU8OSeeQd0wXArFH9291yaUNKq5Wfn/sFKEoaY=',NULL,0,'1906@api.kr','',1,0),(728,'pbkdf2_sha256$216000$aT4xSHXaLbS8$EpGjF15ONkhmr2MCPOdU/nnBW6MP0YbNflN6FA2GF1M=',NULL,0,'1907@api.kr','',1,0),(729,'pbkdf2_sha256$216000$FvvmZTK6LCIS$v2igQQqRUST5HD1JUEGZ1cLZRpnVan5ee3FGI+TxGyI=',NULL,0,'1908@api.kr','',1,0),(730,'pbkdf2_sha256$216000$sxiGgBsmU4Sv$eoOHnt5agHa9KV66Av+qwZJnGRt5iTTdxPEAPwPtcZg=',NULL,0,'1909@api.kr','',1,0),(731,'pbkdf2_sha256$216000$sI6iRfjNPJqN$KWPAB0MWSK+2VEGlt8u9xFT4LSxQmzHhfA8JoonOrCI=',NULL,0,'1910@api.kr','',1,0),(732,'pbkdf2_sha256$216000$93bDfsbjCIpE$hmevjXMYXxh87IaQllVzkPeMD63Q0SdUBSOcxS3ocbI=',NULL,0,'1911@api.kr','',1,0),(733,'pbkdf2_sha256$216000$ZK0RnmAfmFYb$QKdQZcuWXOBlnqvG3LHMQiKYC437ryLSknR0gH/yo5U=',NULL,0,'1912@api.kr','',1,0),(734,'pbkdf2_sha256$216000$X0ej7n1SoKbN$S72rndCGfZXo4ZkbHx69HJE7h1omHQ5Dd7QFOzWXh48=',NULL,0,'1913@api.kr','',1,0),(735,'pbkdf2_sha256$216000$xFFZRsTiTntU$HfPARXF/1zK1V/gu62HWkJ2YdU3rSWwYUZQ8uumwdmY=',NULL,0,'1914@api.kr','',1,0),(736,'pbkdf2_sha256$216000$JvKQCU1uw4K0$6MrzkXsEhlTDWA7SKkdnYuYHN62H6jz1eO24P8mxutA=',NULL,0,'1915@api.kr','',1,0),(737,'pbkdf2_sha256$216000$RVI5poYCZ2Bx$G7yAEkMAXtDnFIl8Ei9aHODewo9mA2I3q1vUIsMOT68=',NULL,0,'1916@api.kr','',1,0),(738,'pbkdf2_sha256$216000$mgEGA7FRDeAn$CLrpgMj/n454NNQ9F5229eJktI9YIf/ow/lgi4Q90A4=',NULL,0,'1917@api.kr','',1,0),(739,'pbkdf2_sha256$216000$8fyXJBTgZWHn$IDfual4Y0TvOlOqPP0UVcKDcy1HuYecAgOFfSI2o77E=',NULL,0,'1918@api.kr','',1,0),(740,'pbkdf2_sha256$216000$ZCWhDXYK0Per$U60SeVM116+OMlvpKWNQwf1vjAQsZ/2t3OfATdDIE8U=',NULL,0,'1919@api.kr','',1,0),(741,'pbkdf2_sha256$216000$l4cr8ZGBzsYa$AXn+S+Z14frDaOhuG4zNI5anG4kASCU1ovq2m/1qa8U=',NULL,0,'1920@api.kr','',1,0),(742,'pbkdf2_sha256$216000$pukBNNL8IpZX$MUmaZJLeSGbbX4KKOLfylfTitTuFvJUyF9HDfjV2mMA=',NULL,0,'1921@api.kr','',1,0),(743,'pbkdf2_sha256$216000$ECGkkmFRX4wE$LvDB0PYgsEoQR10QYBN8EQoWREwJWLu1ovluCY6QPJM=',NULL,0,'1922@api.kr','',1,0),(744,'pbkdf2_sha256$216000$2C1BOFCWqbn1$9byD1GQF1OtjVfkVixmhFGJTnUfjHhezeon8qwUF8rI=',NULL,0,'1923@api.kr','',1,0),(745,'pbkdf2_sha256$216000$PIBd3TBPj43p$KCwt7qlbR07atCromcwJ6CNOpe15+FH/DTTcO69BOMM=',NULL,0,'1924@api.kr','',1,0),(746,'pbkdf2_sha256$216000$JD5gjFMThyVt$CgJeaUrsP1rN4jv7N0VErEXWUhyZOOeMTkJcoI8benQ=',NULL,0,'1925@api.kr','',1,0),(747,'pbkdf2_sha256$216000$cLS8PE6wHsf3$ZdiUMtooxkMfzBXFQqLGi4CnfSbJAKEj4GShCvf8PFU=',NULL,0,'1926@api.kr','',1,0),(748,'pbkdf2_sha256$216000$iDrcE3rhmhuU$K3mXh2cCTaZDFWr6iCHS5B003CibxYeDlnF3byZKwO4=',NULL,0,'1927@api.kr','',1,0),(749,'pbkdf2_sha256$216000$yztxWpqhCpg6$zNKwAn3R3QKjiwaahh8LXF8vNGtUrMbVh9GM+5srxhw=',NULL,0,'1928@api.kr','',1,0),(750,'pbkdf2_sha256$216000$RDOW6lPB2xcI$7ZXKxBWpliOYJeaNoDbkvEdpA3TtNIF/Qac1lVl1+3o=',NULL,0,'1929@api.kr','',1,0),(751,'pbkdf2_sha256$216000$PFl8hNHNzswq$9GBr2YbrnQmK+XugNxsVTn93/+8Mt3hHnT4kMUNDojo=',NULL,0,'1930@api.kr','',1,0),(752,'pbkdf2_sha256$216000$2ysqoekvuXU3$WghuxPGo/cWFYnMnqmZetDHByv6H3TD/fy3ivOzEea4=',NULL,0,'1931@api.kr','',1,0),(753,'pbkdf2_sha256$216000$rmtP0AHQS2GA$KkiV6rwC1iafPaWiG1fYLHXeuAGnax8F7mkKMefb6xk=',NULL,0,'1932@api.kr','',1,0),(754,'pbkdf2_sha256$216000$3Y4LvP2Pr0T6$mcTPlTrVKBsAfBY4uBx3R3/LyBf8Hhz80wda5CqaLCM=',NULL,0,'1933@api.kr','',1,0),(755,'pbkdf2_sha256$216000$o6jwTkfqYatl$Ia5vkxnCgmU57ctyaC7M1IO2f8JPHChh/IRdRdfalFM=',NULL,0,'1934@api.kr','',1,0),(756,'pbkdf2_sha256$216000$mWp3ofJAAKq3$5++oaCHMWCjtHKxJHVGynb4TSI91dnBuvcJgTlHYu/8=',NULL,0,'1935@api.kr','',1,0),(757,'pbkdf2_sha256$216000$yqnFdrcCxwsC$DdstKipZo4giHf1DVS77u7t4ytQYtfJezi0DszDDGP4=',NULL,0,'1936@api.kr','',1,0),(758,'pbkdf2_sha256$216000$ZKkCGGimcoWF$C1UNMz060U3od56wQScs6IVoFJ+ecvD1fQGrXtp7Nos=',NULL,0,'1937@api.kr','',1,0),(759,'pbkdf2_sha256$216000$02pavHGvkA5a$IIVOfP3UjjHhwxStALBUPq1wzJ+VxGQ3CKvPzMm+TaQ=',NULL,0,'1938@api.kr','',1,0),(760,'pbkdf2_sha256$216000$zFrcw04MbIcX$DiVDKzRMgpHtDL3vKn/hGYFskhF/MBo+ErezXWutbDE=',NULL,0,'1939@api.kr','',1,0),(761,'pbkdf2_sha256$216000$AQMeR4CPA2TA$Sf0qClXVK0KolILtnlrlj26xWPUcKtArJIS09ND6EnM=',NULL,0,'1940@api.kr','',1,0),(762,'pbkdf2_sha256$216000$K4GrTUr1PGOb$TVM8Y3uYwaxEUkgLoE7KejHQ8KSDsJn0wO0WbgfiQZE=',NULL,0,'2001@api.kr','',1,0),(763,'pbkdf2_sha256$216000$XsZBz6CiqxXQ$TgzP2tYHnptYcy9LiMH0bGf6hFbBrqIsduaUumR0xak=',NULL,0,'2002@api.kr','',1,0),(764,'pbkdf2_sha256$216000$Nz1QNL0AUMPu$byQuvKPr3e7rG9JUDgo2fIK9pzfHKPNnXALjKRvroGE=',NULL,0,'2003@api.kr','',1,0),(765,'pbkdf2_sha256$216000$9H32sfieElZW$CtdNigrSafjR6aNrck8bUt+6DE/mKGbDSF0vJlWf5w8=',NULL,0,'2004@api.kr','',1,0),(766,'pbkdf2_sha256$216000$0eGUQUc2dsHI$AS4cOyxhF6SnIz/Q+nhuC9MZNUFb1eibjLA4w1hsHy0=',NULL,0,'2005@api.kr','',1,0),(767,'pbkdf2_sha256$216000$jSqYsDGPDp7u$JEb7KDfvzMESqOAqcx3IPlF0JMiB8kiSF2HABVAZGmA=',NULL,0,'2006@api.kr','',1,0),(768,'pbkdf2_sha256$216000$ub6gVMnLvbZQ$7BN85ewUX9435OO4r0t+ts1DEB0ijHC+IMiCsJyCDgU=',NULL,0,'2007@api.kr','',1,0),(769,'pbkdf2_sha256$216000$ZV4xeUPals6x$OO0FbN1F8hbazt27fBNHxV/ahaXay8CyFCoK1iQQ0n4=',NULL,0,'2008@api.kr','',1,0),(770,'pbkdf2_sha256$216000$BBNjNk5g5Tm7$UanuezhW1qOe8Q9tA0A4b1H2B2oOquPiVs+sdBAmSCs=',NULL,0,'2009@api.kr','',1,0),(771,'pbkdf2_sha256$216000$YVhoTsa2hxSy$o1vxecSwna8woAg24vRUa8Ml+t5sUrCAvnHVYua1MVM=',NULL,0,'2010@api.kr','',1,0),(772,'pbkdf2_sha256$216000$ZEPOctAALWL1$QeochdNUao5Ofn/fu7JSx49GHTpHJg2IVwVKDcez1cg=',NULL,0,'2011@api.kr','',1,0),(773,'pbkdf2_sha256$216000$gSeeH5YQ0OXb$4Gq0hTsLY2EYVfHuojA8R7KlOgiMgvNJxmZbr3z8zyo=',NULL,0,'2012@api.kr','',1,0),(774,'pbkdf2_sha256$216000$nDHMwsayy82P$gMlj0wgwMNMPavypaGedasj5dcxNsQYdWzu05CmBWhs=',NULL,0,'2013@api.kr','',1,0),(775,'pbkdf2_sha256$216000$1HBl6BhFarEq$z7w3rmN2Z2j6gDUtue/Yux3wyyigau+7FMz4OaY4Krg=',NULL,0,'2014@api.kr','',1,0),(776,'pbkdf2_sha256$216000$K0K9laQXnanb$ZkeNvENnDMjISldkGztZrmcpD5fuII4VWyeStnl9itk=',NULL,0,'2015@api.kr','',1,0),(777,'pbkdf2_sha256$216000$DPU77wFhsio6$fov+/1rpm+RjJGsf6OSVdlUB1Q/AaFeDL7bm2wQfGFA=',NULL,0,'2016@api.kr','',1,0),(778,'pbkdf2_sha256$216000$BNryFSkLTOBj$JwIb6kaoJpgw0FvTMBMBkbTdTj4JTHlW8c1Vx8JeJKo=',NULL,0,'2017@api.kr','',1,0),(779,'pbkdf2_sha256$216000$HMLJkmTOzPUQ$813SPaFEetaDjbn8HBFpqp64Ep7+/aEBZ1dNQFCLpyI=',NULL,0,'2018@api.kr','',1,0),(780,'pbkdf2_sha256$216000$WFjsfvoLnRhW$4GHEPgWHn9b4HFqPpwZpSltHfizrSAeTcL3lo6+q7Do=',NULL,0,'2019@api.kr','',1,0),(781,'pbkdf2_sha256$216000$PjDuIAGEFUZn$PjAvSFVOmvnse5AgKW5qOyelKLjEPVvaggkyo4X7ypY=',NULL,0,'2020@api.kr','',1,0),(782,'pbkdf2_sha256$216000$W3uHwBqq6n5B$iIpj6SxB+4gwynenKsGlKkCrmapqfoiA/CfAXZe7JO8=',NULL,0,'2021@api.kr','',1,0),(783,'pbkdf2_sha256$216000$HzDQ3cVZ7AN5$fQXjMYfCaKq9h8syB3JqOwqm0hRu3JY8T9Dc7YwnOFU=',NULL,0,'2022@api.kr','',1,0),(784,'pbkdf2_sha256$216000$RdDWHOpaOl9y$+CXnLYcE8x1btNQt1B6BIurWj72bBASZ439CJRc1bzc=',NULL,0,'2023@api.kr','',1,0),(785,'pbkdf2_sha256$216000$cfzNo8Cq02Ff$Ot45Mn/H2Av+cjYszjrX4Byr7p37RRlMRQ5nOPdtAUA=',NULL,0,'2024@api.kr','',1,0),(786,'pbkdf2_sha256$216000$s3C90DviEsug$b3cK9fEIF+p7Guimas9TzHoLbg9F+nEwp/3AZ1vHOWQ=',NULL,0,'2025@api.kr','',1,0),(787,'pbkdf2_sha256$216000$Ja3tndld8dvs$upit/5WoSPC4m6a4fgUN9AFZRSbKPqux8Fpsk4Ymbl8=',NULL,0,'2026@api.kr','',1,0),(788,'pbkdf2_sha256$216000$8LiMBpUFi75t$F+hSQFtVv7Kp3WNZdv67pnM77aJB9X71UQQN/YG6b6s=',NULL,0,'2027@api.kr','',1,0),(789,'pbkdf2_sha256$216000$w0rEP6qIpfd8$jk3MqDfjg5atM1SV0aQJfvVB4sbwPHqFOEudQsK2xbY=',NULL,0,'2028@api.kr','',1,0),(790,'pbkdf2_sha256$216000$oGfMuxHYwbp0$odkkFSICraYnoguqVa261XdbFYj8p0kP5HIB2rHmbhE=',NULL,0,'2029@api.kr','',1,0),(791,'pbkdf2_sha256$216000$AAj7ETG2Dapg$h78EhMSfvWu25EEtxsTtvtsuTSfjuvjvKA49ZpnAapM=',NULL,0,'2030@api.kr','',1,0),(792,'pbkdf2_sha256$216000$OarbpgxuM9wu$aD0uXFKCJmNsfYwZPsJwpj4iSzzoorzFKJq1CBZKLFY=',NULL,0,'2031@api.kr','',1,0),(793,'pbkdf2_sha256$216000$63D5jhAQMyD8$H5ZitIE0n5M9Pi5TFv8MTDhGJzy8gr6mPEnh5vtZYh0=',NULL,0,'2032@api.kr','',1,0),(794,'pbkdf2_sha256$216000$MbzdZvSejcX4$BFeJByhf2ZLsjU7K9BdvHqYXyOMpXhEu9lARmg6YkxQ=',NULL,0,'2033@api.kr','',1,0),(795,'pbkdf2_sha256$216000$GKO7fmHK9ZGw$0CQDR9C5Zz+Y7QkOe17zN+gwEsOPGEcZYvu7LKwYM28=',NULL,0,'2034@api.kr','',1,0),(796,'pbkdf2_sha256$216000$W0VwatdQVe1M$+s7BpGDR1YDDPhgwKu2gMvNJDi+9PLzdCjEIdUZfde4=',NULL,0,'2035@api.kr','',1,0),(797,'pbkdf2_sha256$216000$WvqbL0xN8afT$PbeTX6tBoLWj3oWApihcpePdAY1FSpms5FJ5CEyLrO4=',NULL,0,'2036@api.kr','',1,0),(798,'pbkdf2_sha256$216000$Xus6c1x7j7fQ$AS4dHbra3D3oYRtiXoGWVSc+dOOLG3Id6igELzGcdCU=',NULL,0,'2037@api.kr','',1,0),(799,'pbkdf2_sha256$216000$S26i6fslTq7j$Ld183JMLgYy6U36dQaO+S2ScIgEBW5YRAOJU6kiRf9c=',NULL,0,'2038@api.kr','',1,0),(800,'pbkdf2_sha256$216000$hTqrjc2uUnEF$2X6ZrSfL5ftN0MAbeKlWRo0BA2mDxClMd0BUEj3Zsgg=',NULL,0,'2039@api.kr','',1,0),(801,'pbkdf2_sha256$216000$BaAEl2It7q2d$kRWZPfwWv34NHU9dST0YNEGJItIPmTwXIdGwpESwnyU=',NULL,0,'2040@api.kr','',1,0),(802,'pbkdf2_sha256$216000$3C5ik8GW4stW$AGum68Aavx4eli+ury3HFXrF1t5rgXsBWpp7NcgzZ4Y=',NULL,0,'2101@api.kr','',1,0),(803,'pbkdf2_sha256$216000$yLP5tuEX2mux$Qw0pfqT4vIvnyAQOvr2LVyVQDh4VWxb9Fj+24aqxeOM=',NULL,0,'2102@api.kr','',1,0),(804,'pbkdf2_sha256$216000$KR2Jz0QfW5zM$Xt4wOLqidYPUD4TcQhUs2mxT8nac5xHuEIIWzdG7A58=',NULL,0,'2103@api.kr','',1,0),(805,'pbkdf2_sha256$216000$gy9YvCcvW1jB$cnXcdxAcDQTryhrsW51SP58V+kz5qjMo3J4UwMWrxTo=',NULL,0,'2104@api.kr','',1,0),(806,'pbkdf2_sha256$216000$5gA26D7KF8zX$+CeFGTT0h66198Wk5+KSHsmTsMMLa6os5PWjToL7jPU=',NULL,0,'2105@api.kr','',1,0),(807,'pbkdf2_sha256$216000$FHS3fEHEUCJJ$Q2HNfYrwGh8L6X0VhfpGBivaSqfq7gaQBM92NLKc7KU=',NULL,0,'2106@api.kr','',1,0),(808,'pbkdf2_sha256$216000$zAeTKTATaXKU$pMK9b+sDM+uNevR4Spea6ADZyS2lA5GHrvp2be2rgQI=',NULL,0,'2107@api.kr','',1,0),(809,'pbkdf2_sha256$216000$pjNEZWb2sUyH$ZgGq+yEwEzh0/D9QooSrPpDg1FZ4unx8eOG/xtglzxs=',NULL,0,'2108@api.kr','',1,0),(810,'pbkdf2_sha256$216000$k5Z4TD6awQvW$y/wBc1aMaKgs1eXN0qhCNFSwHHzdFzKFno4OnG7Cn88=',NULL,0,'2109@api.kr','',1,0),(811,'pbkdf2_sha256$216000$wH8tRtjxWWdI$Z0AtP4bGsIVf6As0wLsgRFyhSJJuTUpkSWiBSphGvK8=',NULL,0,'2110@api.kr','',1,0),(812,'pbkdf2_sha256$216000$EGjobL1WKfDE$qkWBipewvZErgO20/kxCNDYKgZ6s4A440G+9Vn8LHRQ=',NULL,0,'2111@api.kr','',1,0),(813,'pbkdf2_sha256$216000$mDK5sK5ikgYE$t72zHFh5EYAOTOFzCENwxbhbXGs/CYN32pAmo1t66ro=',NULL,0,'2112@api.kr','',1,0),(814,'pbkdf2_sha256$216000$3toWY3NL5BMA$NnfviPv/34PMLiOEbNSYigE0zcNGMWNVk3Gczy2rupc=',NULL,0,'2113@api.kr','',1,0),(815,'pbkdf2_sha256$216000$XvAa9ReZ9Wn0$f5kvUkm30cF8sIpRrQitiwu1KgvfINcaYv7u1jFRvok=',NULL,0,'2114@api.kr','',1,0),(816,'pbkdf2_sha256$216000$g3NJ6dPyrmSG$dqud+xuVeWJHh8pCT35tm93H7MuBdPCeTSSs2wqwWEw=',NULL,0,'2115@api.kr','',1,0),(817,'pbkdf2_sha256$216000$UdPo37vLSraX$/RcbCNNg1XV/PuWJiuhJVG/9qW72g9IC4qrqz2Yyw4s=',NULL,0,'2116@api.kr','',1,0),(818,'pbkdf2_sha256$216000$EWMfgfPHxpqP$fzBVr/wG6fFvBTv5EiyP6ua4WSf7A2TLKMMgoWDDEWY=',NULL,0,'2117@api.kr','',1,0),(819,'pbkdf2_sha256$216000$0toDI4THOqF5$MrrjPojOh39PrdpqkZx5tU0JuPqEldGjbhdW02DNYCY=',NULL,0,'2118@api.kr','',1,0),(820,'pbkdf2_sha256$216000$jTSxMZuM5Y77$80u3dR6UH5yxgmiUvC0/KJh/RwX0KfKJFLCTdOw9oI4=',NULL,0,'2119@api.kr','',1,0),(821,'pbkdf2_sha256$216000$zpjFjWlgFGbW$JKdaIQnIzYxUcJKDO0EnnUmQkLp3lLg/E4ACpf3Ht+s=',NULL,0,'2120@api.kr','',1,0),(822,'pbkdf2_sha256$216000$O233tIZhS628$NUTq52WGa6lQegY4Ini/yMG/j0x2eT3uA7+KtyvyfyI=',NULL,0,'2121@api.kr','',1,0),(823,'pbkdf2_sha256$216000$4nZWeOToaqhx$nzTfBiDiewum+kMhvy5vcOEJVv1Ro/uM9IX3gaWDlOg=',NULL,0,'2122@api.kr','',1,0),(824,'pbkdf2_sha256$216000$Jxibs5CQkC5o$5D6qltwNiWkZmn6l/uio3zJFAhMHQB2gt7n3uwvoTag=',NULL,0,'2123@api.kr','',1,0),(825,'pbkdf2_sha256$216000$CF9YTrt1AWZL$SeTX08pWV0EnNDvUxKTHVK06bwDusZ3BVv+F1FOjSes=',NULL,0,'2124@api.kr','',1,0),(826,'pbkdf2_sha256$216000$517ZvjSNLnzs$giKmTA1P/xpZu3VO4veiMlo55pSVSwIMx8OpPbA1eU8=',NULL,0,'2125@api.kr','',1,0),(827,'pbkdf2_sha256$216000$UhP2c5ozz3xO$9FF+NtARFKcG4mpvl8XmFpRCGtDM1VYafxn3SdgqLkM=',NULL,0,'2126@api.kr','',1,0),(828,'pbkdf2_sha256$216000$GrWoHUXtAHWZ$lVRVn9mflgm0ezCJJSqjpgggWB76eaqoXguGGTWhvJE=',NULL,0,'2127@api.kr','',1,0),(829,'pbkdf2_sha256$216000$g9gZ2SW6XD8n$0BF1FMTo49bDQOgPjXyulE/1zAyZsuaBamHIuaYWgJM=',NULL,0,'2128@api.kr','',1,0),(830,'pbkdf2_sha256$216000$dpw7MLkYItIG$fWidzgLg3GI+ehapkS4TqKJRsFDZmV9At5DJ3pV+4Ko=',NULL,0,'2129@api.kr','',1,0),(831,'pbkdf2_sha256$216000$sAi6uIPO74Ym$tERNyUsXfRr5ZBU/20ksxvHdeWinjB6Gxn4LkUFGC5M=',NULL,0,'2130@api.kr','',1,0),(832,'pbkdf2_sha256$216000$XZQAF7uIuH2D$F3zdg5YtAlq7mDHnoESei+ilaHdyX68S0o7EHsDTG4g=',NULL,0,'2131@api.kr','',1,0),(833,'pbkdf2_sha256$216000$BPLbOWFXD5qU$oahf42DU+pdV/MLxxzoes2DIBIYaqJCafBbqulS2fCs=',NULL,0,'2132@api.kr','',1,0),(834,'pbkdf2_sha256$216000$43FGGZd66CMx$TiOQOamEJLSZQQ6rlAx9dJV5OOt9JNn7fz4Im/pD08o=',NULL,0,'2133@api.kr','',1,0),(835,'pbkdf2_sha256$216000$bVZoRxJ4wOs3$a+1zPd/pBCP40XqoBqHjCGwKXCh1ZUJawwnzlsWz2VQ=',NULL,0,'2134@api.kr','',1,0),(836,'pbkdf2_sha256$216000$Z9cxWEhAp5uB$1kGZPDlgbpBWNBgasJg4c01d/aJgrhM6FNUNndW7nnw=',NULL,0,'2135@api.kr','',1,0),(837,'pbkdf2_sha256$216000$dtcHqUofLo1o$HhBu2+1qFF3SlJayfbkYAXgC5Bu6vARnx8kmUtjFR94=',NULL,0,'2136@api.kr','',1,0),(838,'pbkdf2_sha256$216000$9J95F551ZAm0$U/yTXUYf8V3pXioi0WeKc7e9fONoQVVIcXTxs7S4p3c=',NULL,0,'2137@api.kr','',1,0),(839,'pbkdf2_sha256$216000$iVFb3ste3ZXA$j8qy/9PgPzROJgohETpo9bHPeqrmJ/qy7P3yDr9zR/w=',NULL,0,'2138@api.kr','',1,0),(840,'pbkdf2_sha256$216000$oDMVJrLTtpNK$2t7IZcogiizFsFftJsI+aj1G0+jCj+MqTqfq2Z1giog=',NULL,0,'2139@api.kr','',1,0),(841,'pbkdf2_sha256$216000$pYeR95tW27bS$16hufP5eDsJnS5qoXElT3ox/fWl79zRcqB17RIQLbnM=',NULL,0,'2140@api.kr','',1,0),(842,'pbkdf2_sha256$216000$AySEOyaTnIR3$RUF0uEesz5d0gAqedAec68bIPIDxsDbedfe62BQ7Xmc=',NULL,0,'2201@api.kr','',1,0),(843,'pbkdf2_sha256$216000$U3fxTmIfbtfa$k4HrKSYcq76o91BeZXwfgypcx4IQTJO4nCZ5JFzVaQU=',NULL,0,'2202@api.kr','',1,0),(844,'pbkdf2_sha256$216000$JjuXWUdbAFOw$vYWEHotQTgM6nLOfM/PtbP2xkn/zCiH9nx9xyOs0AaU=',NULL,0,'2203@api.kr','',1,0),(845,'pbkdf2_sha256$216000$OyokamWJufMx$SItafvibun11KJbEjhe+4puNFlEk2dQhVL/5wlpV3/s=',NULL,0,'2204@api.kr','',1,0),(846,'pbkdf2_sha256$216000$xl2FRjV7byBr$ED1VGFsCLS02bqlLoeaOJr5mOaic8BH4bkf1bwlW15Y=',NULL,0,'2205@api.kr','',1,0),(847,'pbkdf2_sha256$216000$4Puv5fkOkVLI$8okroa8hiz8AYgmtAKGQxUepzBuLCptsTg4FuoTsMqI=',NULL,0,'2206@api.kr','',1,0),(848,'pbkdf2_sha256$216000$Kuxh6RAwmD6c$annZd1ap+omRnfs91VwHi/HfN81Ws+9K+L3kWOsefsI=',NULL,0,'2207@api.kr','',1,0),(849,'pbkdf2_sha256$216000$m1wkIzEYgidG$EmD+IbXvCOGfmgnjyRiQ94W4jixmcHN7CKD69EHU+0E=',NULL,0,'2208@api.kr','',1,0),(850,'pbkdf2_sha256$216000$X2cC7RYKdbCu$Iul0s/55qx3HL/uAT+ReeFLKO1KVTbhl1ohdgQie/94=',NULL,0,'2209@api.kr','',1,0),(851,'pbkdf2_sha256$216000$TfJschC5zb0u$NTyb9bOwtln4tKzCw9z1yjKKensPPB8mNirL36gtXYw=',NULL,0,'2210@api.kr','',1,0),(852,'pbkdf2_sha256$216000$8fBF1avGuSfW$0MFW4Wp7wiAh72zIrnKt7RqjuFvTgIcnKJQKiPk98mM=',NULL,0,'2211@api.kr','',1,0),(853,'pbkdf2_sha256$216000$66tk3qGrlqVU$H/g4p+IuKrc3RO4wiE3QSJWuVEFVVu9bzz8hbkiPQ6E=',NULL,0,'2212@api.kr','',1,0),(854,'pbkdf2_sha256$216000$N3prZ9dKaq4D$ktYCyhDRzSTPFdZMRSnqIvHYTvqiilVmRqr2QfgjSGE=',NULL,0,'2213@api.kr','',1,0),(855,'pbkdf2_sha256$216000$4BAet39Xra7j$a7jsgTrTO3PNWcv2Os1v4ynkczJL6Zl0yps/brqnLeo=',NULL,0,'2214@api.kr','',1,0),(856,'pbkdf2_sha256$216000$4Q1jsmJyukg4$eIFGWh2AIvVxArAD/8uspeV9HIOctKTjhLfpWGd7z9E=',NULL,0,'2215@api.kr','',1,0),(857,'pbkdf2_sha256$216000$LRwptinztbmS$h63Xn6IWtrM4O3BFoXLBBQ+h2mQ+X/612D3ke5vgXLk=',NULL,0,'2216@api.kr','',1,0),(858,'pbkdf2_sha256$216000$ZgV9EuFiT5OX$Hr/HXYEUSEnPB2f3xY+Jzxuywl0qramWSuQfWCPoQQc=',NULL,0,'2217@api.kr','',1,0),(859,'pbkdf2_sha256$216000$TutPFNPJTChC$6opKsaQdVyLrm3SefqLbra3ithtwZ47BINJqB4z589E=',NULL,0,'2218@api.kr','',1,0),(860,'pbkdf2_sha256$216000$rG7iAUFx1C1d$OnUE9rRYGLLf/LyAlvhcMDNV1Dh8XBEfOFh7lbcgtSw=',NULL,0,'2219@api.kr','',1,0),(861,'pbkdf2_sha256$216000$RbL5zCnPhEEf$zMW42bIQk0KgFfCJKhDYSPPBAr0jNeencuq8IDM3OTs=',NULL,0,'2220@api.kr','',1,0),(862,'pbkdf2_sha256$216000$SiqUPEquYouA$TH1xvPYRj2i9rrnjAYi7d6hQBuoJdT0G0Z1nyYEnG9g=',NULL,0,'2221@api.kr','',1,0),(863,'pbkdf2_sha256$216000$mBOcQIyzzY1b$uLQT8+HxhEXqGuBxcVFP9rG7KboaOkTx09ViTwq7hQQ=',NULL,0,'2222@api.kr','',1,0),(864,'pbkdf2_sha256$216000$p1Am1A3A7Uvv$Ms2DKGjC2VngfuK8sadOT4D7iZddYdK7zq1Wv7AlDKA=',NULL,0,'2223@api.kr','',1,0),(865,'pbkdf2_sha256$216000$IL5EijF35kFH$jrULmMdZsy1VaHwR3ySeOUwVE7B01hMLcHDSUx+TqnE=',NULL,0,'2224@api.kr','',1,0),(866,'pbkdf2_sha256$216000$hlnWRxWz36he$8iioKIqRhch9zKwzlPLUJXR2QZ0DlYHc7DOcLTSI4JE=',NULL,0,'2225@api.kr','',1,0),(867,'pbkdf2_sha256$216000$geCt0idEQUOV$QEHlQs4DoZQvSRGXcttnxMar+5roj7f29jLv3eYjFmQ=',NULL,0,'2226@api.kr','',1,0),(868,'pbkdf2_sha256$216000$I50iMwsIqWda$MjmVNFRGnl/xo6L6833Z61BNyIuH0nTAm8ak4PEdGHg=',NULL,0,'2227@api.kr','',1,0),(869,'pbkdf2_sha256$216000$0HkFMFyQxcSg$SaL57uvq7K9Hrih3BBbmCqHISkL4Yck/m+StIdcr75Q=',NULL,0,'2228@api.kr','',1,0),(870,'pbkdf2_sha256$216000$1EtQGwEx0iQt$1AFB4aQ4wqBGnpDvGtkHdinqpezaOO/qFwR7CRan1ow=',NULL,0,'2229@api.kr','',1,0),(871,'pbkdf2_sha256$216000$JepoIwfi3Mg1$dSoXj2O6KOm08OeG86O0CjfEu5WT7zHHNKD/c06OEdw=',NULL,0,'2230@api.kr','',1,0),(872,'pbkdf2_sha256$216000$so9iZiiXM5Mo$XqYPSOEXoDS+c9iEbhUoJwwm4Dx7N3JyVdQWGIOyWpI=',NULL,0,'2231@api.kr','',1,0),(873,'pbkdf2_sha256$216000$lfZ6lfXKiU9r$SCtVHiepc3MAW5kJs5LFGryhDYGxO8HIZtRP0kuLwX8=',NULL,0,'2232@api.kr','',1,0),(874,'pbkdf2_sha256$216000$uGWpqTjs1T4p$TCwUTAtszqt+07AkNYIGhAUkC9z51IagTnKoI+LnjCM=',NULL,0,'2233@api.kr','',1,0),(875,'pbkdf2_sha256$216000$5nZQQkGWhR3E$4l0YJMAN2i2uJmcM1Ox+O+7IOPPAB48nsSikZhQ6NR4=',NULL,0,'2234@api.kr','',1,0),(876,'pbkdf2_sha256$216000$4t0V3wH3o9PK$+CNXnhoxNYxMmowJvWSkdglb6ucFiI56LQk9bue0DiI=',NULL,0,'2235@api.kr','',1,0),(877,'pbkdf2_sha256$216000$C6XVeoUBWptI$/M11+NCrKP40W62LZhADjgU6pCBS/RomlBuOABXvex0=',NULL,0,'2236@api.kr','',1,0),(878,'pbkdf2_sha256$216000$eVVGDPR5jnvL$6OoAbezxdizThSrjMfUbugvHBnZuSNDt1ZGCNU+acTY=',NULL,0,'2237@api.kr','',1,0),(879,'pbkdf2_sha256$216000$Pr5ILs92pttE$h2uF7v8EYLA6UvRZZvjLGl5gDh00vJQl9rXz2qG4Isc=',NULL,0,'2238@api.kr','',1,0),(880,'pbkdf2_sha256$216000$rcUSQ3Li7R4z$tT0gDMJlHM1fm4Lx2Ny+0JzFjfKGpH/QM6CjPcy8KhI=',NULL,0,'2239@api.kr','',1,0),(881,'pbkdf2_sha256$216000$FgeQ95wStj8K$bOXK9zaC4X7735cXE+bL0CGWvjWutXQ7tMHeU06WcBc=',NULL,0,'2240@api.kr','',1,0),(882,'pbkdf2_sha256$216000$8BTRsUbUE8ML$xJt0FpT6m1gzyMwIcptSCd6umdrqxHFGjarrqmtPESg=',NULL,0,'2301@api.kr','',1,0),(883,'pbkdf2_sha256$216000$2jvQXhLXTBQd$tw7z4HOpFq0dENE12rKI7alN4ZZm7yFfDikPek2Vhd4=',NULL,0,'2302@api.kr','',1,0),(884,'pbkdf2_sha256$216000$wPq2WsP4nnIQ$EF42aY+yVAE/Zxyb0DhYAzezBpHwT8gzYBbx1kyuUSs=',NULL,0,'2303@api.kr','',1,0),(885,'pbkdf2_sha256$216000$rSoaRW1kPMy4$R4OgCoMnp5pau+v6HDSCGrXN/y4k87YYoxCHCXsvidk=',NULL,0,'2304@api.kr','',1,0),(886,'pbkdf2_sha256$216000$CZw92D6cmEWF$KGUjSRgZ51cZJotpPIGC7HFZ4v396TJ2dtQ32XEvfmQ=',NULL,0,'2305@api.kr','',1,0),(887,'pbkdf2_sha256$216000$1ZilTLckKbsp$/BUiuPvklKnxoRA1WIlkTIElETknktLyw8fWfBC4GVo=',NULL,0,'2306@api.kr','',1,0),(888,'pbkdf2_sha256$216000$edMP3F1CiWGy$pW8m6Rl09jMUKtoJRlZCZHoBKfEDV02++L9DTSBtph4=',NULL,0,'2307@api.kr','',1,0),(889,'pbkdf2_sha256$216000$12B6r73DB7hJ$tjoAfofYaEzYiMIpWCkrriaNWb9cajGI/xeKv2otHZQ=',NULL,0,'2308@api.kr','',1,0),(890,'pbkdf2_sha256$216000$URgqogTzTzkb$w28SkVb/syOiBdmRmhiHD3Yht2ouZOPn7RDnLxB9aYI=',NULL,0,'2309@api.kr','',1,0),(891,'pbkdf2_sha256$216000$jJzM1YrzwowZ$b26STz0Qfs5TkvQC8v7tY89fYnA0/AOq3vr86n8T7w8=',NULL,0,'2310@api.kr','',1,0),(892,'pbkdf2_sha256$216000$LUgRWgKXC90d$IRsFSpqNmrC7itqzJkfA9XVvZniEH6I1E5H5gAJQKrE=',NULL,0,'2311@api.kr','',1,0),(893,'pbkdf2_sha256$216000$KvKjUdqRL1Jf$i+00/5ho9P38t+mm6q+Lk4/tkAgS6B1NpHUk/l8ANQY=',NULL,0,'2312@api.kr','',1,0),(894,'pbkdf2_sha256$216000$t2VK8mEuPP9F$ixc7IZescrB2QdJ0qOePnAtrm7KZhx/3QQ9XkqYP6YY=',NULL,0,'2313@api.kr','',1,0),(895,'pbkdf2_sha256$216000$GuEgbj2m2RpT$PzbIJur3YoIUCaAjoLp1tgj9i2cMeHh9YjEjya7zefE=',NULL,0,'2314@api.kr','',1,0),(896,'pbkdf2_sha256$216000$mk9IxXZEzfWI$vAx0LxAi2Q4bTbHj21U3dCumNLk3FkJQrbGXvQe0SZk=',NULL,0,'2315@api.kr','',1,0),(897,'pbkdf2_sha256$216000$46QS4jL7UxJB$MVh6d5rqs2zRiAv6sba725Zl3ld0TmgQadtVXpQ2xOQ=',NULL,0,'2316@api.kr','',1,0),(898,'pbkdf2_sha256$216000$h4vEumpfWRFT$VRSvMyWWNut7CyFKmGj0tBuo8oxL1PWiaGSdqzPd+sQ=',NULL,0,'2317@api.kr','',1,0),(899,'pbkdf2_sha256$216000$CRpcPihAvFvt$26bkeDT3Z7v4SU0ZjVyjymRQfCOUjdUQwVZ5F+8/KRw=',NULL,0,'2318@api.kr','',1,0),(900,'pbkdf2_sha256$216000$v5DR7XQcUiDL$8KwBLy14UVKRobIXxrIJguZbd2G9UsRhfdNarqp8Y18=',NULL,0,'2319@api.kr','',1,0),(901,'pbkdf2_sha256$216000$OUr8qoTzJ5fP$z+4qlVNzfzJujNPE2HAsSn04p4ouXu8WmRPjtV5e+Mk=',NULL,0,'2320@api.kr','',1,0),(902,'pbkdf2_sha256$216000$82CCF31Njfrx$CLVq1dXgqYp/3BS2QwMuE26zKYn9L+guCZ00IO6YlFk=',NULL,0,'2321@api.kr','',1,0),(903,'pbkdf2_sha256$216000$4UttaMsTT3Bf$6ir6e1y9MInf4jRrGKXxdZcsMQ8tqmY0U/JfCwUeDuM=',NULL,0,'2322@api.kr','',1,0),(904,'pbkdf2_sha256$216000$Ay0z86iywFoE$owQCnLVE7DzGU3lHmkhYihj93WAjOtUk2zhoW4x676o=',NULL,0,'2323@api.kr','',1,0),(905,'pbkdf2_sha256$216000$aJMu49NtRygK$oNjz8SyyaY9lBV4fTSh7wMvwyEA4ZMQ/AHPf399gSMg=',NULL,0,'2324@api.kr','',1,0),(906,'pbkdf2_sha256$216000$BdggUx9Ym6YV$hDUVzboIr7QFPmlwXeWZ381WF01dDb6XruBM6g+njJk=',NULL,0,'2325@api.kr','',1,0),(907,'pbkdf2_sha256$216000$g4m7JqY0XHOQ$JbYo+b0jmuc8wkD3Jf6+KJ6RRsaXTkD/jmXMtEqxrQw=',NULL,0,'2326@api.kr','',1,0),(908,'pbkdf2_sha256$216000$YnGnBoVndtHt$5x1N1O/C3arXo31rU0AmRqNPg3kX146X9N8xNnYSTPU=',NULL,0,'2327@api.kr','',1,0),(909,'pbkdf2_sha256$216000$dnSexB34cqGG$rpjnGxDxe/yGWAKf+/gYSK1+jNZMVL9CsKdOVGXBJh8=',NULL,0,'2328@api.kr','',1,0),(910,'pbkdf2_sha256$216000$dLEoz8KznEtC$PMa0d3EWYumNmDEWXW9QXY19XtdJ9Rc33N52LoGLOQk=',NULL,0,'2329@api.kr','',1,0),(911,'pbkdf2_sha256$216000$eMFNP8hmVGHS$uw4PbmF83O3VEb5xdH0V4UiDp5AJ+6D2i9xfz1SQU0A=',NULL,0,'2330@api.kr','',1,0),(912,'pbkdf2_sha256$216000$JZMfOMBhUyDH$EBPkAPneUPG+5NjckXQkPvnc6zyJ1DsPAHKjLRAYLLM=',NULL,0,'2331@api.kr','',1,0),(913,'pbkdf2_sha256$216000$OLOZxvTKbJGA$E58EXgUdZ7nKpBmibuKLlsecCl03UVrbnwKViw1Tjd8=',NULL,0,'2332@api.kr','',1,0),(914,'pbkdf2_sha256$216000$vHgiw6X08jwD$+zOpNVm6o4aJxsGB8cfk/GE+pErWpFs4iexLTwo7MQo=',NULL,0,'2333@api.kr','',1,0),(915,'pbkdf2_sha256$216000$UbgeNbv8fKvd$oVgyh5GZCwnzanuroZj8yI0VXjKeggUyjq55kEVCGj8=',NULL,0,'2334@api.kr','',1,0),(916,'pbkdf2_sha256$216000$xP58GW6rv1hw$cobY6mXQKaD3cZZIrEwclcwdIxd4hwfDEfPYZGN8kSY=',NULL,0,'2335@api.kr','',1,0),(917,'pbkdf2_sha256$216000$Va7F0OXL0ts5$yoMWh2TQBtyaYm63pkFNV7k9Pac6tRPpp/qRBbcYC38=',NULL,0,'2336@api.kr','',1,0),(918,'pbkdf2_sha256$216000$YcTNHei5v4mi$WBUrPuSMbOialvIldHaqoh+nBNP5u6u0U0PXrw8oTRw=',NULL,0,'2337@api.kr','',1,0),(919,'pbkdf2_sha256$216000$TmXCdTnboX7d$KwfrvJN/gE08HFTBnytz3yaZac7L9wQnFA/y10a7rL4=',NULL,0,'2338@api.kr','',1,0),(920,'pbkdf2_sha256$216000$8A7vZfOoLGOi$uXHH8y/GPtwOcvOwVuzzIJyOOjdK4IFrRSHbv3emBoc=',NULL,0,'2339@api.kr','',1,0),(921,'pbkdf2_sha256$216000$tuyNEobFs82h$vLsfg8eVfF/01O6P1YLLwlXtpY1CFFaGvfXj3r2x3P0=',NULL,0,'2340@api.kr','',1,0),(922,'pbkdf2_sha256$216000$GTPmWbwH2wry$pS0JKbhNlRgBQDbuZq8wWUA3s9MIsMxdtVFVKsW6R+Y=',NULL,0,'2401@api.kr','',1,0),(923,'pbkdf2_sha256$216000$rPC5cKBSdzmn$DWov7WqAS93kobzU+Hb3R52LqqpVxcSION9bI5lwL80=',NULL,0,'2402@api.kr','',1,0),(924,'pbkdf2_sha256$216000$D8A3tPvcX3V3$CYqDtTAOIY7OmzqQ+KGd+AFSJIf3KLOwBjs0MoadKYQ=',NULL,0,'2403@api.kr','',1,0),(925,'pbkdf2_sha256$216000$jEv09RUskhyD$qLFUpbhbsBHO25jzpSl6GjB6wiONCQFQCOvuoUFKRWc=',NULL,0,'2404@api.kr','',1,0),(926,'pbkdf2_sha256$216000$TIW6nfnDUxXg$L1ajzhHFQ2qcRT74nmYig5aopM5BBHTN3ukvrYCN1lM=',NULL,0,'2405@api.kr','',1,0),(927,'pbkdf2_sha256$216000$1vFEoFCDMgc6$TmoTI443/5H3sQin2/6xTYQONySD3kfGSnMAmsj67A0=',NULL,0,'2406@api.kr','',1,0),(928,'pbkdf2_sha256$216000$LrIWAFHUdCYt$f9sxoJTaQ4itLKusK+kxEbWfhtdItsA5YwzD2dhJdIY=',NULL,0,'2407@api.kr','',1,0),(929,'pbkdf2_sha256$216000$BzWxiUHJSro0$nTBLDcYHLBHchyEsMOofxwXt/bVz1Sp2uFSpAAZQCZA=',NULL,0,'2408@api.kr','',1,0),(930,'pbkdf2_sha256$216000$H9TYTpISFrYO$rfZhn8/gj1/wrZUEU98azIbd8USD4vYmaxAnoQWp/Z0=',NULL,0,'2409@api.kr','',1,0),(931,'pbkdf2_sha256$216000$0Pef1JuNf7Fs$nFOm4ksYS6A+ta1wmKWgF3q2VleRJwLem1t7bAnkmJQ=',NULL,0,'2410@api.kr','',1,0),(932,'pbkdf2_sha256$216000$yOGcXz1JtRDH$aCgBLExG+r8fg2IWas2DdRHjXWkrQPqlik6i83D1mUc=',NULL,0,'2411@api.kr','',1,0),(933,'pbkdf2_sha256$216000$QykhJyfu2CG8$+4IfniSPQJ8Cq+tq08KkEFA56A0QJr4MhdoMsKY6srU=',NULL,0,'2412@api.kr','',1,0),(934,'pbkdf2_sha256$216000$KV6fYxn7Fqp4$E5CcuDu1QRhLdPsTE616oeZPmNbgYLOq/nGRjqqZeHM=',NULL,0,'2413@api.kr','',1,0),(935,'pbkdf2_sha256$216000$0UOMGxPypfOF$zzHjhyFfg7kFoLWNftUuAbJcIU8T2oPL5r/kEwE72iw=',NULL,0,'2414@api.kr','',1,0),(936,'pbkdf2_sha256$216000$2VldTRwlmBAv$COo4qtikFU/Q4foAHbxj/K17ohmGVjcefCos7LCUmkk=',NULL,0,'2415@api.kr','',1,0),(937,'pbkdf2_sha256$216000$GUBYEFuDwi0J$cyOP2MhGP7aal49aVgxg85FU0+A5kAUpMnKl5n5bFN8=',NULL,0,'2416@api.kr','',1,0),(938,'pbkdf2_sha256$216000$UoTvYIJYK846$VkYAqBipdLj0+55aHJGIjSotU7Zo3SaRhjNTnjzcDNs=',NULL,0,'2417@api.kr','',1,0),(939,'pbkdf2_sha256$216000$DxKB5DwGK1Z6$HZZJec75ftFCEk7BitR8ZDjRMEHHU1GEwylC+QtffRg=',NULL,0,'2418@api.kr','',1,0),(940,'pbkdf2_sha256$216000$Aa3ttCdQd1KY$e5p7M9zO61quLMx5oZxDBczy0n4gvKkQjNf3unhs0f4=',NULL,0,'2419@api.kr','',1,0),(941,'pbkdf2_sha256$216000$mDjFJuCEWriU$eI9U+1BTL/hsamrFJjTeFkvHm935fqf1vc1ioLE3ylk=',NULL,0,'2420@api.kr','',1,0),(942,'pbkdf2_sha256$216000$fvVgRb51WvDD$V3aYbcluZE+Xyh4l+tJpdZlknCx8XpN+00jjcMz/jT8=',NULL,0,'2421@api.kr','',1,0),(943,'pbkdf2_sha256$216000$Gl48DVpLEOfE$2wOtd3HwEWCazTtGWtID8bmcL5+rArdptpoYduFQuxc=',NULL,0,'2422@api.kr','',1,0),(944,'pbkdf2_sha256$216000$oUZlXcTVpimU$tubkLtR4y9HiyYehsmHTTSRIufg88aa7webZNllPt7w=',NULL,0,'2423@api.kr','',1,0),(945,'pbkdf2_sha256$216000$1XlmVsZph7Zd$INy+qfKJy1k+k4oyk54F+wum2OOgLxgvWpfby9mkcl0=',NULL,0,'2424@api.kr','',1,0),(946,'pbkdf2_sha256$216000$JxoeAdVqasbJ$zaZNs3/56fZP2l/IWMKK7h1N2hXF+uyKiFtpKurDCU0=',NULL,0,'2425@api.kr','',1,0),(947,'pbkdf2_sha256$216000$2hyucKGGgSDY$QUXmfq5WQ6id60fJ945BXPSVrowQ+YIVWiFAkYYSh/U=',NULL,0,'2426@api.kr','',1,0),(948,'pbkdf2_sha256$216000$1Qozalrcyzbc$2usEi9cHxn22NxOihqi5gor1RTmP3HhLMRKlefFvioM=',NULL,0,'2427@api.kr','',1,0),(949,'pbkdf2_sha256$216000$Rmlyq6JgDVjF$GQbcXbv1JY+3hBblFXdog3nkPNWSWVtupoP0LOwdV8I=',NULL,0,'2428@api.kr','',1,0),(950,'pbkdf2_sha256$216000$zGJ4BpmWAvnh$GcP7CxDLVSNNyomJ7EJYo46hRistGmmI1hap92+B/TU=',NULL,0,'2429@api.kr','',1,0),(951,'pbkdf2_sha256$216000$QueSSZcoXy9V$i/9m7ghMyN9uVCdg2ie//oCfLDfkr2sBqk670/qAFYo=',NULL,0,'2430@api.kr','',1,0),(952,'pbkdf2_sha256$216000$k02bGb5R3qMr$roiXmr1cSE1BuetKBM6x9I/Jg/PwQImjyl8uHyTmhTc=',NULL,0,'2431@api.kr','',1,0),(953,'pbkdf2_sha256$216000$VLw5wIHsh9yD$003IpZUCnXjv8CfqmeYmsdgFCCqU5RrkS7HfhiSO/VE=',NULL,0,'2432@api.kr','',1,0),(954,'pbkdf2_sha256$216000$mth5MO0JcZsL$qkOjMJz3Y87FNl0Y3ty9Y9NgNe4D1ihfjrLZLyoWgTc=',NULL,0,'2433@api.kr','',1,0),(955,'pbkdf2_sha256$216000$NyKO9Z3A8196$ayKHNdzoJ4rHOWDPmXCofUCFySB2MwJuqIrD45G9ovs=',NULL,0,'2434@api.kr','',1,0),(956,'pbkdf2_sha256$216000$FsrxNwZ88Anv$36fe71KXmiQid11PccU+x9+5jL2OLjE5vlCbIW/AunQ=',NULL,0,'2435@api.kr','',1,0),(957,'pbkdf2_sha256$216000$vaSuz2tbIB9p$9qlOUaiCTj+1xGZdC1FsBariGCDwSQ/KB09T6Qh6SKk=',NULL,0,'2436@api.kr','',1,0),(958,'pbkdf2_sha256$216000$e0RZH2sT1V02$NrROR72yhkPQNQ0flu/7s3+vZiCBvvRodFIgJLiGB6c=',NULL,0,'2437@api.kr','',1,0),(959,'pbkdf2_sha256$216000$auF2UReW0wx4$+zms3FE6ucpY+oKSczLDT5kfZQh7RxmYVVbcJaTnOZc=',NULL,0,'2438@api.kr','',1,0),(960,'pbkdf2_sha256$216000$UEToP26t8SKR$iNi5H/8jx2GG+4yn+InDZT0xnTvwuBmvxNnVv3l1+q0=',NULL,0,'2439@api.kr','',1,0),(961,'pbkdf2_sha256$216000$VocFNU730Vkr$M2BZbKey/MxXQo5s2r4KDRHOBE2pG9/Ne0S3crTI/EQ=',NULL,0,'2440@api.kr','',1,0),(962,'pbkdf2_sha256$216000$Sz7stnNKIdHB$ugIWSMuXIxw4nN8BQt2zHtZvLji6+qwaRIoZouOvKLA=',NULL,0,'2501@api.kr','',1,0),(963,'pbkdf2_sha256$216000$r3O2dDPj8aTs$H/PvkckHaCFul8dCtyTUbLh3XVyU0ErcTX3XJAOr7us=',NULL,0,'2502@api.kr','',1,0),(964,'pbkdf2_sha256$216000$FToKVNeTtyYe$C7tjm2KNPQJmjWjWlKyJxa9oASHQV0/bOxdM7Xz5iTI=',NULL,0,'2503@api.kr','',1,0),(965,'pbkdf2_sha256$216000$U8RZyKgVNkqJ$O2/9LJiIDAkbGSx7ETQUXswXDvu8hsi3eaboG4ryKiw=',NULL,0,'2504@api.kr','',1,0),(966,'pbkdf2_sha256$216000$D59UDrzpAHYq$zk8UU2flVd9C4rmpAa2rry4mAfTEObTRQ+DWYDWBzyE=',NULL,0,'2505@api.kr','',1,0),(967,'pbkdf2_sha256$216000$EA1nlHRUTk94$SfolXjN2tphY+nt+rruLQvJuUtbKCATPBM/My/J4a7E=',NULL,0,'2506@api.kr','',1,0),(968,'pbkdf2_sha256$216000$UcACQjfYG5px$sgaKDtf6I++hOAd3ZnvxEyIZCX5EN8x8FolxYy7HaVY=',NULL,0,'2507@api.kr','',1,0),(969,'pbkdf2_sha256$216000$6WEqbqqLTzW5$KII7BV2m7AaS4w+HT8XlsWRfZM1n/lI3mrh+3CgNC9Q=',NULL,0,'2508@api.kr','',1,0),(970,'pbkdf2_sha256$216000$cK8WQ1fAK8Yt$Fc3IGR11gH4P2vThnmC/8Uk+Gu8+4AimpvJOBsMAB+8=',NULL,0,'2509@api.kr','',1,0),(971,'pbkdf2_sha256$216000$5quw2qjm5ZDR$yrwYWoxYg6pXtqjurkJTEGmmEpkh4GoD9quuExasJKE=',NULL,0,'2510@api.kr','',1,0),(972,'pbkdf2_sha256$216000$3wvydoWmEvqK$oft6l5vIpLjj9TpYVEJIPxtNRVnFMFcr2CBNqGcdfso=',NULL,0,'2511@api.kr','',1,0),(973,'pbkdf2_sha256$216000$UmNQBMgr79UR$OKeqjfrPlfaXyVBW7ccfbSgPf2v3+2aTLBCJVvXUn4M=',NULL,0,'2512@api.kr','',1,0),(974,'pbkdf2_sha256$216000$bFJWy1NuAHfX$CGb5ZTVkKJrDkG0dnHVKe5sNHfvt4rPKuWI6tld4K2I=',NULL,0,'2513@api.kr','',1,0),(975,'pbkdf2_sha256$216000$TfwmOKCC0PQK$gGdEenxtwh2aADtuuNnI9RTjfb4E9Oa//6UzkuH/MA4=',NULL,0,'2514@api.kr','',1,0),(976,'pbkdf2_sha256$216000$a2Ry3Sc47JMa$DAqO+qimwwbCdIc1wH3JmUEYKoIgwrgjz0GpXONkauM=',NULL,0,'2515@api.kr','',1,0),(977,'pbkdf2_sha256$216000$ZwWngjjwQoTa$7IJYqNUrPTuwrvu1BM4bLo4FR/X5E4B7thPn1m4V5Po=',NULL,0,'2516@api.kr','',1,0),(978,'pbkdf2_sha256$216000$qmGEsTidkf9G$pI5U9XkQJbw96EKZZBiB51dA3LB+JfP+9hBz4ym6J4I=',NULL,0,'2517@api.kr','',1,0),(979,'pbkdf2_sha256$216000$UEmUzDXXMl83$/o8hJaWbsyVAGWMt4cZgRBsszn8nLXfn+Lb0Saky34Y=',NULL,0,'2518@api.kr','',1,0),(980,'pbkdf2_sha256$216000$UM1EvZeeGPVQ$5ZDssfiSO4+Es17FWcxsTyieb+uQbZtm+uLVP7rG4CU=',NULL,0,'2519@api.kr','',1,0),(981,'pbkdf2_sha256$216000$0PV7mrqbIDs4$P3WSiN75Z3waLROTVFUryzfGk0ny9Xp644C6QLbVK7w=',NULL,0,'2520@api.kr','',1,0),(982,'pbkdf2_sha256$216000$EOnqO8Zw7CXc$i6yZTNHZylhy6dbjItNlvJKPwqj0ao99pJ/oLFdmPBA=',NULL,0,'2521@api.kr','',1,0),(983,'pbkdf2_sha256$216000$EOy8E9mzo0ed$UJ2j7nfwnjlKWK2zVpwsEpHgBIuJAAjCYKHLYc32Qm0=',NULL,0,'2522@api.kr','',1,0),(984,'pbkdf2_sha256$216000$iocqbpll3RjA$woHK0O4m+OdWfuNAlLlwCp2qc3TnEPP3Lv/cEfYgsYM=',NULL,0,'2523@api.kr','',1,0),(985,'pbkdf2_sha256$216000$nek5z6yjGWKD$+XjfnvOoY+5mDJtiVqEtheDMehjmWeTKb/HCh7vk94s=',NULL,0,'2524@api.kr','',1,0),(986,'pbkdf2_sha256$216000$zUF40IlDeK8o$QtUC74cA16vGHc/NPrdgEQ/6vRiFoba/FhhiyrFaSUw=',NULL,0,'2525@api.kr','',1,0),(987,'pbkdf2_sha256$216000$YgBRN4C4rXfR$DN/yknLh95Wh2tckvhrclCrKO6V0TKaZUwLByIpCzvo=',NULL,0,'2526@api.kr','',1,0),(988,'pbkdf2_sha256$216000$6Gok4pvku6yE$XW5nYxuE2EK7cSHZmF+AkHlGuPkgGi8PyYVtkD4BRoU=',NULL,0,'2527@api.kr','',1,0),(989,'pbkdf2_sha256$216000$443fwWq0z262$zWEcBylY1HE6/cX6rPl3ES7Hlxo0UiH6/UPrlBXFnU4=',NULL,0,'2528@api.kr','',1,0),(990,'pbkdf2_sha256$216000$bmSlfYtZSlER$2ogIuYmJy4IVTXsKn/MDguLEtox2AA0wgPERlUDERzk=',NULL,0,'2529@api.kr','',1,0),(991,'pbkdf2_sha256$216000$0iAfB2HlEbeO$mkvS9/WQSlPd/B4q0Iz08k883y+By54DRYS+0fVSlAc=',NULL,0,'2530@api.kr','',1,0),(992,'pbkdf2_sha256$216000$pS4p0stL1KiI$hlcHlwKOsqFQd0EGvG/5d5OIlZhxiC2ebwFWi48eSJ4=',NULL,0,'2531@api.kr','',1,0),(993,'pbkdf2_sha256$216000$I4TOMXWmokmz$RI9ykuajJsqH2lrpscrcH2+xy+zJmRJClX/c3ThGkZQ=',NULL,0,'2532@api.kr','',1,0),(994,'pbkdf2_sha256$216000$riSzGJmnGNMM$1UiAC3Ih9OQmUv+v6IJBHZKp2Zdmp9E74DCEZP2Qvu8=',NULL,0,'2533@api.kr','',1,0),(995,'pbkdf2_sha256$216000$m4GeAOUVxSHR$GoVsrb76UQPlBIb/gtHLGYyDXSJgshq5aM5bymIOHMs=',NULL,0,'2534@api.kr','',1,0),(996,'pbkdf2_sha256$216000$LYJGGq5uYreK$xXFukw07nn+Tv+HPQyiMm3aCA083W/MmNLoPFoQ9OJ4=',NULL,0,'2535@api.kr','',1,0),(997,'pbkdf2_sha256$216000$ZfM6dpQd2xqS$zkqJAdUI9+JqLmRxuXsZbmTqEBdr86xSmmq6xqYwoh0=',NULL,0,'2536@api.kr','',1,0),(998,'pbkdf2_sha256$216000$4ZYgH8XeICwm$jiljD5Xom4QHlnVYO0gFrFRCAAEb6YBKU9g16pdXUm8=',NULL,0,'2537@api.kr','',1,0),(999,'pbkdf2_sha256$216000$2n6eBizHsc43$DrkovCsoqhmvPJSx3VXnQFWYG7MBMuUNwbbFjj9QB68=',NULL,0,'2538@api.kr','',1,0),(1000,'pbkdf2_sha256$216000$xT6OfTXvItKS$CEp+BYCGeZfNVd4uPhAPcKZZ+uJip79Iyv9DfKfC45c=',NULL,0,'2539@api.kr','',1,0),(1001,'pbkdf2_sha256$216000$UgDe1aWYEO8c$UvDkOhRwQSmL1ncfXf2lxV96h9uJEjKRYkzDAynX4lA=',NULL,0,'2540@api.kr','',1,0);
/*!40000 ALTER TABLE `accounts_user` ENABLE KEYS */;
UNLOCK TABLES;

--
-- Table structure for table `accounts_user_groups`
--

DROP TABLE IF EXISTS `accounts_user_groups`;
/*!40101 SET @saved_cs_client     = @@character_set_client */;
/*!50503 SET character_set_client = utf8mb4 */;
CREATE TABLE `accounts_user_groups` (
  `id` int NOT NULL AUTO_INCREMENT,
  `user_id` int NOT NULL,
  `group_id` int NOT NULL,
  PRIMARY KEY (`id`),
  UNIQUE KEY `accounts_user_groups_user_id_group_id_59c0b32f_uniq` (`user_id`,`group_id`),
  KEY `accounts_user_groups_group_id_bd11a704_fk_auth_group_id` (`group_id`),
  CONSTRAINT `accounts_user_groups_group_id_bd11a704_fk_auth_group_id` FOREIGN KEY (`group_id`) REFERENCES `auth_group` (`id`),
  CONSTRAINT `accounts_user_groups_user_id_52b62117_fk_accounts_user_id` FOREIGN KEY (`user_id`) REFERENCES `accounts_user` (`id`)
) ENGINE=InnoDB DEFAULT CHARSET=utf8mb4 COLLATE=utf8mb4_general_ci;
/*!40101 SET character_set_client = @saved_cs_client */;

--
-- Dumping data for table `accounts_user_groups`
--

LOCK TABLES `accounts_user_groups` WRITE;
/*!40000 ALTER TABLE `accounts_user_groups` DISABLE KEYS */;
/*!40000 ALTER TABLE `accounts_user_groups` ENABLE KEYS */;
UNLOCK TABLES;

--
-- Table structure for table `accounts_user_user_permissions`
--

DROP TABLE IF EXISTS `accounts_user_user_permissions`;
/*!40101 SET @saved_cs_client     = @@character_set_client */;
/*!50503 SET character_set_client = utf8mb4 */;
CREATE TABLE `accounts_user_user_permissions` (
  `id` int NOT NULL AUTO_INCREMENT,
  `user_id` int NOT NULL,
  `permission_id` int NOT NULL,
  PRIMARY KEY (`id`),
  UNIQUE KEY `accounts_user_user_permi_user_id_permission_id_2ab516c2_uniq` (`user_id`,`permission_id`),
  KEY `accounts_user_user_p_permission_id_113bb443_fk_auth_perm` (`permission_id`),
  CONSTRAINT `accounts_user_user_p_permission_id_113bb443_fk_auth_perm` FOREIGN KEY (`permission_id`) REFERENCES `auth_permission` (`id`),
  CONSTRAINT `accounts_user_user_p_user_id_e4f0a161_fk_accounts_` FOREIGN KEY (`user_id`) REFERENCES `accounts_user` (`id`)
) ENGINE=InnoDB DEFAULT CHARSET=utf8mb4 COLLATE=utf8mb4_general_ci;
/*!40101 SET character_set_client = @saved_cs_client */;

--
-- Dumping data for table `accounts_user_user_permissions`
--

LOCK TABLES `accounts_user_user_permissions` WRITE;
/*!40000 ALTER TABLE `accounts_user_user_permissions` DISABLE KEYS */;
/*!40000 ALTER TABLE `accounts_user_user_permissions` ENABLE KEYS */;
UNLOCK TABLES;

--
-- Table structure for table `auth_group`
--

DROP TABLE IF EXISTS `auth_group`;
/*!40101 SET @saved_cs_client     = @@character_set_client */;
/*!50503 SET character_set_client = utf8mb4 */;
CREATE TABLE `auth_group` (
  `id` int NOT NULL AUTO_INCREMENT,
  `name` varchar(150) COLLATE utf8mb4_general_ci NOT NULL,
  PRIMARY KEY (`id`),
  UNIQUE KEY `name` (`name`)
) ENGINE=InnoDB DEFAULT CHARSET=utf8mb4 COLLATE=utf8mb4_general_ci;
/*!40101 SET character_set_client = @saved_cs_client */;

--
-- Dumping data for table `auth_group`
--

LOCK TABLES `auth_group` WRITE;
/*!40000 ALTER TABLE `auth_group` DISABLE KEYS */;
/*!40000 ALTER TABLE `auth_group` ENABLE KEYS */;
UNLOCK TABLES;

--
-- Table structure for table `auth_group_permissions`
--

DROP TABLE IF EXISTS `auth_group_permissions`;
/*!40101 SET @saved_cs_client     = @@character_set_client */;
/*!50503 SET character_set_client = utf8mb4 */;
CREATE TABLE `auth_group_permissions` (
  `id` int NOT NULL AUTO_INCREMENT,
  `group_id` int NOT NULL,
  `permission_id` int NOT NULL,
  PRIMARY KEY (`id`),
  UNIQUE KEY `auth_group_permissions_group_id_permission_id_0cd325b0_uniq` (`group_id`,`permission_id`),
  KEY `auth_group_permissio_permission_id_84c5c92e_fk_auth_perm` (`permission_id`),
  CONSTRAINT `auth_group_permissio_permission_id_84c5c92e_fk_auth_perm` FOREIGN KEY (`permission_id`) REFERENCES `auth_permission` (`id`),
  CONSTRAINT `auth_group_permissions_group_id_b120cbf9_fk_auth_group_id` FOREIGN KEY (`group_id`) REFERENCES `auth_group` (`id`)
) ENGINE=InnoDB DEFAULT CHARSET=utf8mb4 COLLATE=utf8mb4_general_ci;
/*!40101 SET character_set_client = @saved_cs_client */;

--
-- Dumping data for table `auth_group_permissions`
--

LOCK TABLES `auth_group_permissions` WRITE;
/*!40000 ALTER TABLE `auth_group_permissions` DISABLE KEYS */;
/*!40000 ALTER TABLE `auth_group_permissions` ENABLE KEYS */;
UNLOCK TABLES;

--
-- Table structure for table `auth_permission`
--

DROP TABLE IF EXISTS `auth_permission`;
/*!40101 SET @saved_cs_client     = @@character_set_client */;
/*!50503 SET character_set_client = utf8mb4 */;
CREATE TABLE `auth_permission` (
  `id` int NOT NULL AUTO_INCREMENT,
  `name` varchar(255) COLLATE utf8mb4_general_ci NOT NULL,
  `content_type_id` int NOT NULL,
  `codename` varchar(100) COLLATE utf8mb4_general_ci NOT NULL,
  PRIMARY KEY (`id`),
  UNIQUE KEY `auth_permission_content_type_id_codename_01ab375a_uniq` (`content_type_id`,`codename`),
  CONSTRAINT `auth_permission_content_type_id_2f476e4b_fk_django_co` FOREIGN KEY (`content_type_id`) REFERENCES `django_content_type` (`id`)
) ENGINE=InnoDB AUTO_INCREMENT=33 DEFAULT CHARSET=utf8mb4 COLLATE=utf8mb4_general_ci;
/*!40101 SET character_set_client = @saved_cs_client */;

--
-- Dumping data for table `auth_permission`
--

LOCK TABLES `auth_permission` WRITE;
/*!40000 ALTER TABLE `auth_permission` DISABLE KEYS */;
INSERT INTO `auth_permission` VALUES (1,'Can add log entry',1,'add_logentry'),(2,'Can change log entry',1,'change_logentry'),(3,'Can delete log entry',1,'delete_logentry'),(4,'Can view log entry',1,'view_logentry'),(5,'Can add permission',2,'add_permission'),(6,'Can change permission',2,'change_permission'),(7,'Can delete permission',2,'delete_permission'),(8,'Can view permission',2,'view_permission'),(9,'Can add group',3,'add_group'),(10,'Can change group',3,'change_group'),(11,'Can delete group',3,'delete_group'),(12,'Can view group',3,'view_group'),(13,'Can add content type',4,'add_contenttype'),(14,'Can change content type',4,'change_contenttype'),(15,'Can delete content type',4,'delete_contenttype'),(16,'Can view content type',4,'view_contenttype'),(17,'Can add session',5,'add_session'),(18,'Can change session',5,'change_session'),(19,'Can delete session',5,'delete_session'),(20,'Can view session',5,'view_session'),(21,'Can add user',6,'add_user'),(22,'Can change user',6,'change_user'),(23,'Can delete user',6,'delete_user'),(24,'Can view user',6,'view_user'),(25,'Can add generation',7,'add_generation'),(26,'Can change generation',7,'change_generation'),(27,'Can delete generation',7,'delete_generation'),(28,'Can view generation',7,'view_generation'),(29,'Can add door use log',8,'add_dooruselog'),(30,'Can change door use log',8,'change_dooruselog'),(31,'Can delete door use log',8,'delete_dooruselog'),(32,'Can view door use log',8,'view_dooruselog');
/*!40000 ALTER TABLE `auth_permission` ENABLE KEYS */;
UNLOCK TABLES;

--
-- Table structure for table `django_admin_log`
--

DROP TABLE IF EXISTS `django_admin_log`;
/*!40101 SET @saved_cs_client     = @@character_set_client */;
/*!50503 SET character_set_client = utf8mb4 */;
CREATE TABLE `django_admin_log` (
  `id` int NOT NULL AUTO_INCREMENT,
  `action_time` datetime(6) NOT NULL,
  `object_id` longtext COLLATE utf8mb4_general_ci,
  `object_repr` varchar(200) COLLATE utf8mb4_general_ci NOT NULL,
  `action_flag` smallint unsigned NOT NULL,
  `change_message` longtext COLLATE utf8mb4_general_ci NOT NULL,
  `content_type_id` int DEFAULT NULL,
  `user_id` int NOT NULL,
  PRIMARY KEY (`id`),
  KEY `django_admin_log_content_type_id_c4bce8eb_fk_django_co` (`content_type_id`),
  KEY `django_admin_log_user_id_c564eba6_fk_accounts_user_id` (`user_id`),
  CONSTRAINT `django_admin_log_content_type_id_c4bce8eb_fk_django_co` FOREIGN KEY (`content_type_id`) REFERENCES `django_content_type` (`id`),
  CONSTRAINT `django_admin_log_user_id_c564eba6_fk_accounts_user_id` FOREIGN KEY (`user_id`) REFERENCES `accounts_user` (`id`),
  CONSTRAINT `django_admin_log_chk_1` CHECK ((`action_flag` >= 0))
) ENGINE=InnoDB DEFAULT CHARSET=utf8mb4 COLLATE=utf8mb4_general_ci;
/*!40101 SET character_set_client = @saved_cs_client */;

--
-- Dumping data for table `django_admin_log`
--

LOCK TABLES `django_admin_log` WRITE;
/*!40000 ALTER TABLE `django_admin_log` DISABLE KEYS */;
/*!40000 ALTER TABLE `django_admin_log` ENABLE KEYS */;
UNLOCK TABLES;

--
-- Table structure for table `django_content_type`
--

DROP TABLE IF EXISTS `django_content_type`;
/*!40101 SET @saved_cs_client     = @@character_set_client */;
/*!50503 SET character_set_client = utf8mb4 */;
CREATE TABLE `django_content_type` (
  `id` int NOT NULL AUTO_INCREMENT,
  `app_label` varchar(100) COLLATE utf8mb4_general_ci NOT NULL,
  `model` varchar(100) COLLATE utf8mb4_general_ci NOT NULL,
  PRIMARY KEY (`id`),
  UNIQUE KEY `django_content_type_app_label_model_76bd3d3b_uniq` (`app_label`,`model`)
) ENGINE=InnoDB AUTO_INCREMENT=9 DEFAULT CHARSET=utf8mb4 COLLATE=utf8mb4_general_ci;
/*!40101 SET character_set_client = @saved_cs_client */;

--
-- Dumping data for table `django_content_type`
--

LOCK TABLES `django_content_type` WRITE;
/*!40000 ALTER TABLE `django_content_type` DISABLE KEYS */;
INSERT INTO `django_content_type` VALUES (8,'accesses','dooruselog'),(7,'accounts','generation'),(6,'accounts','user'),(1,'admin','logentry'),(3,'auth','group'),(2,'auth','permission'),(4,'contenttypes','contenttype'),(5,'sessions','session');
/*!40000 ALTER TABLE `django_content_type` ENABLE KEYS */;
UNLOCK TABLES;

--
-- Table structure for table `django_migrations`
--

DROP TABLE IF EXISTS `django_migrations`;
/*!40101 SET @saved_cs_client     = @@character_set_client */;
/*!50503 SET character_set_client = utf8mb4 */;
CREATE TABLE `django_migrations` (
  `id` int NOT NULL AUTO_INCREMENT,
  `app` varchar(255) COLLATE utf8mb4_general_ci NOT NULL,
  `name` varchar(255) COLLATE utf8mb4_general_ci NOT NULL,
  `applied` datetime(6) NOT NULL,
  PRIMARY KEY (`id`)
) ENGINE=InnoDB AUTO_INCREMENT=21 DEFAULT CHARSET=utf8mb4 COLLATE=utf8mb4_general_ci;
/*!40101 SET character_set_client = @saved_cs_client */;

--
-- Dumping data for table `django_migrations`
--

LOCK TABLES `django_migrations` WRITE;
/*!40000 ALTER TABLE `django_migrations` DISABLE KEYS */;
INSERT INTO `django_migrations` VALUES (1,'contenttypes','0001_initial','2021-04-14 10:15:06.567907'),(2,'contenttypes','0002_remove_content_type_name','2021-04-14 10:15:06.603642'),(3,'auth','0001_initial','2021-04-14 10:15:06.644102'),(4,'auth','0002_alter_permission_name_max_length','2021-04-14 10:15:06.730018'),(5,'auth','0003_alter_user_email_max_length','2021-04-14 10:15:06.735442'),(6,'auth','0004_alter_user_username_opts','2021-04-14 10:15:06.742444'),(7,'auth','0005_alter_user_last_login_null','2021-04-14 10:15:06.748998'),(8,'auth','0006_require_contenttypes_0002','2021-04-14 10:15:06.751386'),(9,'auth','0007_alter_validators_add_error_messages','2021-04-14 10:15:06.756746'),(10,'auth','0008_alter_user_username_max_length','2021-04-14 10:15:06.764386'),(11,'auth','0009_alter_user_last_name_max_length','2021-04-14 10:15:06.771838'),(12,'auth','0010_alter_group_name_max_length','2021-04-14 10:15:06.790579'),(13,'auth','0011_update_proxy_permissions','2021-04-14 10:15:06.796968'),(14,'auth','0012_alter_user_first_name_max_length','2021-04-14 10:15:06.804312'),(15,'accounts','0001_initial','2021-04-14 10:15:06.862437'),(16,'accesses','0001_initial','2021-04-14 10:15:06.978666'),(17,'admin','0001_initial','2021-04-14 10:15:07.041698'),(18,'admin','0002_logentry_remove_auto_add','2021-04-14 10:15:07.088865'),(19,'admin','0003_logentry_add_action_flag_choices','2021-04-14 10:15:07.099810'),(20,'sessions','0001_initial','2021-04-14 10:15:07.115137');
/*!40000 ALTER TABLE `django_migrations` ENABLE KEYS */;
UNLOCK TABLES;

--
-- Table structure for table `django_session`
--

DROP TABLE IF EXISTS `django_session`;
/*!40101 SET @saved_cs_client     = @@character_set_client */;
/*!50503 SET character_set_client = utf8mb4 */;
CREATE TABLE `django_session` (
  `session_key` varchar(40) COLLATE utf8mb4_general_ci NOT NULL,
  `session_data` longtext COLLATE utf8mb4_general_ci NOT NULL,
  `expire_date` datetime(6) NOT NULL,
  PRIMARY KEY (`session_key`),
  KEY `django_session_expire_date_a5c62663` (`expire_date`)
) ENGINE=InnoDB DEFAULT CHARSET=utf8mb4 COLLATE=utf8mb4_general_ci;
/*!40101 SET character_set_client = @saved_cs_client */;

--
-- Dumping data for table `django_session`
--

LOCK TABLES `django_session` WRITE;
/*!40000 ALTER TABLE `django_session` DISABLE KEYS */;
/*!40000 ALTER TABLE `django_session` ENABLE KEYS */;
UNLOCK TABLES;
/*!40103 SET TIME_ZONE=@OLD_TIME_ZONE */;

/*!40101 SET SQL_MODE=@OLD_SQL_MODE */;
/*!40014 SET FOREIGN_KEY_CHECKS=@OLD_FOREIGN_KEY_CHECKS */;
/*!40014 SET UNIQUE_CHECKS=@OLD_UNIQUE_CHECKS */;
/*!40101 SET CHARACTER_SET_CLIENT=@OLD_CHARACTER_SET_CLIENT */;
/*!40101 SET CHARACTER_SET_RESULTS=@OLD_CHARACTER_SET_RESULTS */;
/*!40101 SET COLLATION_CONNECTION=@OLD_COLLATION_CONNECTION */;
/*!40111 SET SQL_NOTES=@OLD_SQL_NOTES */;

-- Dump completed on 2021-04-15 14:18:32
